f_0,f_1,f_2,f_3,f_4,f_5,f_6,f_7,f_8,f_9,f_10,f_11,f_12,f_13,f_14,f_15,f_16,f_17,f_18,f_19,f_20,f_21,f_22,f_23,f_24,f_25,f_26,f_27,f_28,f_29,f_30,f_31,f_32,f_33,f_34,f_35,f_36,f_37,f_38,f_39,f_40,f_41,f_42,f_43,f_44,f_45,f_46,f_47,f_48,f_49,f_50,f_51,f_52,f_53,f_54,f_55,f_56,f_57,f_58,f_59,f_60,f_61,f_62,f_63,f_64,f_65,f_66,f_67,f_68,f_69,f_70,f_71,f_72,f_73,f_74,f_75,f_76,f_77,f_78,f_79,f_80,f_81,f_82,f_83,f_84,f_85,f_86,f_87,f_88,f_89,f_90,f_91,f_92,f_93,f_94,f_95,f_96,f_97,f_98,f_99,f_100,f_101,f_102,f_103,f_104,f_105,f_106,f_107,f_108,f_109,f_110,f_111,f_112,f_113,f_114,f_115,f_116,f_117,f_118,f_119,f_120,f_121,f_122,f_123,f_124,f_125,f_126,f_127,f_128,f_129,f_130,f_131,f_132,f_133,f_134,f_135,f_136,f_137,f_138,f_139,f_140,f_141,f_142,f_143,f_144,f_145,f_146,f_147,f_148,f_149,f_150,f_151,f_152,f_153,f_154,f_155,f_156,f_157,f_158,f_159,f_160,f_161,f_162,f_163,f_164,f_165,f_166,f_167,f_168,f_169,f_170,f_171,f_172,f_173,f_174,f_175,f_176,f_177,f_178,f_179,f_180,f_181,f_182,f_183,f_184,f_185,f_186,f_187,f_188,f_189,f_190,f_191,f_192,f_193,f_194,f_195,f_196,f_197,f_198,f_199,label
0.11206296,0.10706608,0.11305381,0.12483401,0.13465448,0.13355823,0.1217416,0.13276069,0.16330953,0.19568537,0.19733645,0.16936298,0.17005005,0.17943476,0.26141843,0.31544614,0.1861807,0.5586879,0.028208068,0.30917394,0.4594792,1.2505128,1.2274172,2.106375,1.5178131,1.8998873,0.6683415,1.5473508,1.0555073,3.59488,5.631375,6.9999423,2.07742,3.3264546,1.6741009,1.0034171,2.7306793,3.3759189,2.419121,2.7613816,3.3266432,1.4547415,1.1761069,1.1670319,3.3177297,5.430871,7.0835567,7.86308,3.3475025,5.078059,6.2467027,1.1214086,2.1464255,4.32522,2.3204494,1.774203,2.854946,2.9110122,2.0396144,2.379381,3.178621,2.890434,1.947617,1.9216833,2.0924697,2.2704735,3.706791,2.2686994,1.2206591,1.9112853,2.4866295,1.7433734,1.7884141,0.71236664,1.6628906,3.638008,5.36586,2.6457307,0.73702466,1.3398247,1.5470243,1.0320522,0.9597458,0.6265118,0.8916621,1.5049801,0.97369623,1.0534247,1.1216015,0.41465947,0.9532948,1.146447,0.7978616,1.132911,1.0910642,1.0899366,0.70707506,0.93975407,1.1457603,1.5759087,1.841598,1.0233269,0.60715985,0.56604916,1.4793657,2.7141483,2.198727,1.8697783,1.20627,1.3041073,1.788047,1.7931422,4.184655,6.8892465,8.67628,9.676729,7.5989456,3.6767678,2.3815746,1.4299477,1.0389704,0.7908278,2.01715,2.1893892,2.1385376,2.10503,1.8113577,0.9688304,0.48778135,0.2329233,0.46807235,0.81126153,0.96494216,1.157431,1.4904932,1.0741044,0.34746546,0.2096108,0.05965987,0.35100022,0.46587184,0.4640526,0.12556596,0.18712993,0.42577314,0.2863631,0.08849094,0.17890958,0.19606191,0.16003247,0.24838337,0.5596704,0.61982876,0.4943569,0.74544895,0.45686272,0.46124792,0.37032798,0.5316467,0.35684428,0.114067316,0.37442815,0.5988524,0.70541465,0.778752,1.0054034,0.56741154,0.112120345,0.1613192,0.2576419,0.4488715,0.41614038,0.5190509,0.39302796,0.5179414,0.38005507,0.33268452,0.42329192,0.325084,0.46680945,0.439923,0.24747387,0.1159292,0.35125884,0.66773784,0.5735491,0.37387925,0.33949342,0.065704554,0.15033025,0.07634588,0.1522528,0.27789396,0.18890186,0.17992945,0.15196776,0.1486691,0.21731766,0.2517634,0.0,A
0.11062072,0.120864004,0.11149586,0.114064194,0.11941886,0.13005607,0.1183419,0.124694236,0.13792375,0.14547862,0.1494678,0.1485774,0.15899856,0.15679632,0.1978197,0.20655598,0.2608981,0.27323487,0.2648428,0.13028587,0.4228391,0.6157586,0.76280797,1.526905,2.7105863,2.720593,2.8674228,3.4219456,1.9524496,5.1851006,6.330539,4.316811,2.570737,2.0236611,1.2493944,1.467435,1.6065067,2.87464,2.7135046,1.9084631,2.1536255,1.8617674,1.2136879,2.3096492,4.585928,6.1263165,6.6466775,5.8449802,5.617747,8.209075,7.827048,4.088193,5.0525966,5.298178,1.7777109,3.1463811,4.163026,2.0387752,1.1086315,3.0068564,2.856659,1.4204364,2.1099174,2.802318,2.0718958,1.8000302,1.8070915,1.6965414,1.990825,2.0801547,2.0126426,1.5064521,1.1071298,0.9719152,1.872993,3.7213778,4.46931,3.1441748,0.9282688,1.669515,3.0375557,3.242025,1.5679041,0.83346677,1.9472399,1.3595725,0.4141442,0.3606136,0.70422846,0.79412836,0.76351386,0.933419,1.1599293,1.0619032,0.9933841,1.1831043,1.1809877,0.7750924,1.2181128,1.9890151,2.0919423,1.6560227,0.672471,0.83522326,2.007546,1.9869951,1.13404,0.8779747,1.2235154,2.3578398,2.7148268,1.9364278,1.471843,2.7422931,5.12797,7.0425773,7.5165434,6.608334,4.580632,2.256975,2.2919703,3.262833,3.1438258,2.2161882,1.1460397,0.5098218,0.6288555,0.7522793,0.5743977,0.29670873,0.37518725,0.3057436,0.36914834,0.7772252,1.0002226,1.0002618,0.97479814,0.7706662,0.38745025,0.24979733,0.2844589,0.22801344,0.15324698,0.13675971,0.24481262,0.2560343,0.0955721,0.2019044,0.3655968,0.26568106,0.27951568,0.3125023,0.35546997,0.2630173,0.34965128,0.45051938,0.48941314,0.45234168,0.28027642,0.10382814,0.08196362,0.14321566,0.19883111,0.16094482,0.5534984,0.8975418,0.9358452,0.65276533,0.21089394,0.20697984,0.33266956,0.25738543,0.463109,0.75060916,0.80023897,0.61086786,0.3613135,0.22092623,0.24440676,0.44995373,0.5581948,0.3824325,0.20427242,0.4294676,0.5961873,0.5144956,0.38296556,0.3346348,0.29186106,0.2068805,0.17324062,0.23982425,0.26727206,0.20805548,0.10925352,0.064646,0.0768105,0.16793977,0.24154818,0.0,A
0.22994524,0.22999413,0.2288319,0.23092405,0.22568536,0.23741202,0.24284261,0.25639272,0.23660423,0.23905773,0.24738245,0.28795543,0.27057043,0.26274446,0.25990513,0.3122246,0.43782917,0.35885015,0.36834824,0.36493388,0.38163683,0.60330087,1.080812,1.6297934,2.0136127,2.0212162,1.575798,1.061072,1.7628295,3.363817,4.510646,3.457697,2.8148234,1.6731371,1.0620414,0.870264,1.3118744,3.4737031,2.82202,2.5247204,1.58631,1.6190813,1.7405256,2.8927193,3.497478,4.5713153,5.784566,6.7384305,7.2273564,7.0657496,6.187267,4.698985,2.8378136,1.0591034,0.7674787,1.6647456,1.9418253,3.0449636,3.2844238,1.9919758,1.7891265,3.2810953,3.6727414,3.0245292,2.0315976,1.3830386,1.7513177,1.090471,0.7907751,0.8266161,1.5643071,1.502129,1.7142849,1.7723897,1.7187502,1.58775,2.1864634,1.4287483,0.84814173,0.5640791,0.8363978,1.2850003,1.4416305,0.9756742,0.83372873,0.872571,0.6783228,0.6833356,0.5330025,0.43264344,0.76895416,0.8875502,0.65272856,0.8402717,1.0532244,1.3341014,1.6647403,1.9223763,1.9911234,1.8464087,1.5113822,1.0627925,0.9295655,1.020347,1.1468129,2.2583969,2.209452,2.021425,1.7004657,1.9079341,3.9383624,4.327143,3.0371854,0.80928534,2.8829648,4.1557684,3.7495363,2.4338846,3.8548913,3.836796,3.0679634,3.0734344,2.310925,1.2510328,0.63810694,1.0792751,1.0685157,0.58810323,0.38973096,0.47294828,0.81886715,0.77753115,0.42702577,0.477448,0.5663574,0.5632659,0.095071405,0.43792045,0.47122422,0.3611999,0.3472314,0.42261952,0.2501319,0.113755,0.11607192,0.12630919,0.14802563,0.28961453,0.42830157,0.52167386,0.5603139,0.35436365,0.4688368,1.1061591,0.9988823,0.5064007,0.08993486,0.35819414,0.2987395,0.21416092,0.13160801,0.16628551,0.29232207,0.6146532,0.6840853,0.9076572,0.9003979,0.7647561,0.8303907,0.7509727,0.5494104,0.2723384,0.29294074,0.2632815,0.38515478,0.19936581,0.27562943,0.27115816,0.23053594,0.13424143,0.21260275,0.2678195,0.24439858,0.39242935,0.44928998,0.39048326,0.3448677,0.30089727,0.3852499,0.30869848,0.15133773,0.16107109,0.28521484,0.28161356,0.22530158,0.08428651,0.10336994,0.12859453,0.12842914,0.0,A
0.093042746,0.1002955,0.09601097,0.09786119,0.096907824,0.097515896,0.092230886,0.085124254,0.09856059,0.12529458,0.12320768,0.11702785,0.10626034,0.11254776,0.1024455,0.15047042,0.09776774,0.2492083,0.10545986,0.5285849,0.076566935,0.8027507,1.594529,1.8920697,1.3951182,1.0082309,0.46419305,1.0872679,1.0958824,0.9551781,3.6802118,2.041073,1.7700787,2.3505423,0.92941415,0.8528177,2.2526212,4.2258334,4.271375,3.7654364,2.4086921,2.6196134,1.8796545,1.4073802,5.6769857,7.106816,9.727476,7.808196,4.367941,1.8645954,3.010223,1.7317826,1.7174253,2.7192144,1.7733314,1.1020945,3.2726305,4.062335,3.3023317,2.6901386,4.346321,3.830834,2.6150987,3.0963097,2.0011442,1.6680753,2.7876668,2.4505882,2.454757,3.9599144,2.7596014,1.9290715,1.2406236,0.85115165,1.3128545,0.7186401,2.767912,1.0527742,0.64918417,1.238075,1.303097,1.169965,0.8016874,0.9126582,1.1319547,0.90235525,0.83337486,0.7067037,0.8274314,1.2107232,0.8039405,0.830512,1.2210311,0.9590586,0.9582521,0.7640881,2.1392448,0.87737304,0.15202868,0.82831097,1.0829314,0.83123994,0.95505553,1.0044382,1.4469569,2.439571,1.4610281,0.76105124,1.7943972,4.3521743,5.336748,1.3828192,1.9250252,4.1541595,8.906536,9.39583,3.2511709,1.4860348,5.2747655,4.759747,1.4518969,1.2527996,1.7144669,1.5290833,1.71877,1.0759374,0.6484807,0.68602604,0.8222344,0.81225514,0.7640873,0.39461657,0.49483657,0.6056978,0.6750209,0.79352754,0.5378961,0.2757281,0.33280882,0.37741363,0.3115583,0.568814,0.29332155,0.2904843,0.35819277,0.10822071,0.16153356,0.3356777,0.51284003,0.51382405,0.3836686,0.12866668,0.23702335,0.61907554,0.52435696,0.23379795,0.38088423,0.26566938,0.13851976,0.15878563,0.42231512,0.49347562,0.74361825,0.33141637,0.054672025,0.52800435,0.5404769,0.50392765,0.7753938,0.2574398,0.1821629,0.29549924,0.36301658,0.9007453,0.69811624,0.35465568,0.504705,0.23159188,0.09088856,0.16292599,0.38153812,0.3176084,0.7090061,0.39744425,0.47457206,0.37330955,0.33793947,0.28702024,0.38082466,0.30032745,0.19935201,0.23473541,0.47619745,0.27389464,0.06704812,0.18548417,0.117089875,0.21321462,0.19346514,0.0,A
0.008878674,0.015096517,0.021629706,0.028162204,0.036973033,0.044530753,0.051156234,0.0767917,0.08258696,0.07503387,0.10451977,0.108348705,0.12614058,0.1650445,0.16607532,0.21986482,0.21956444,0.44020894,0.38292927,0.4948834,0.54229003,0.4838625,1.1428651,2.1016738,2.6220422,2.4387498,1.703769,0.9253228,1.3142133,2.0705898,2.2159498,2.4178834,1.2780676,0.88536555,0.6528729,0.82924855,2.6038215,3.5994592,2.9220448,2.64422,1.9625778,1.22439,1.6561155,2.064681,3.4819021,3.165913,4.8138638,8.191812,11.108841,11.656299,9.202584,4.97275,1.9477229,2.5849216,2.9120765,3.149101,2.4175432,2.0131583,1.6911082,1.5109096,1.8480749,2.3571289,1.8567075,1.235523,1.276022,1.0209498,1.4683802,1.173286,1.5012665,2.444095,2.429677,1.2548393,1.8604339,2.2425022,2.4388206,2.554745,2.645423,2.2857943,1.2602364,1.3222451,1.7392435,1.8791213,0.8943394,0.5532979,1.1471231,1.0559374,0.6648596,0.6855138,0.8749112,0.7236099,0.7525187,0.98060644,1.0080738,0.9131529,0.9180243,1.1393465,1.3907812,1.351599,1.1126783,1.3059397,1.8171549,1.8976575,1.2899281,0.8613758,1.0255659,1.4333459,1.0683007,1.743298,2.7635105,4.20398,4.8068004,3.1513314,2.9511135,3.1048076,3.016333,1.9145921,1.506961,3.4455452,6.50711,5.9957952,4.550335,2.7088494,1.7220495,1.7957159,1.5104488,1.6640021,1.3185089,1.186677,1.7293813,1.6566092,1.8906255,1.7813164,1.9184808,1.6904315,1.3255743,1.006407,0.47874543,0.87667954,0.8542603,1.26618,1.3655788,0.8131809,0.48743787,0.42643625,0.6300271,0.48448157,0.25083855,0.58019084,0.7156723,0.77744114,1.0702492,1.1907042,0.9207831,1.363308,0.6488805,0.5091934,0.66230685,1.1749452,0.8693671,0.5112495,0.47316936,0.29841346,0.19579391,0.40255237,0.4506749,0.57110596,0.62014395,0.40267885,0.5585916,0.7315678,0.9301222,0.89321584,1.1362523,1.1373969,0.6182146,0.5291047,0.2547161,0.18904677,0.2439786,0.27768815,0.27292868,0.16485102,0.25135806,0.36214247,0.3341799,0.4481851,0.5701847,0.6631133,0.8014251,0.6790793,0.5105893,0.47557718,0.5030964,0.41998076,0.32083347,0.19665846,0.12021724,0.1567315,0.21143346,0.0,A
0.10852618,0.11008854,0.1099124,0.1089046,0.10878565,0.10709031,0.10805989,0.10414515,0.11585006,0.10440152,0.10931767,0.102054246,0.095059976,0.09841883,0.09675387,0.12336757,0.13208449,0.17124256,0.18930699,0.46528515,0.39443293,0.6764693,0.8741848,0.7943364,1.2594266,1.6727023,1.9151644,1.9276181,1.7873646,1.7070683,3.654843,2.0696106,3.4903827,1.6709868,1.6810833,1.5001862,1.5881245,2.689597,4.0778832,2.0338998,1.0923418,2.357191,2.7876406,3.2879767,5.876789,7.1583366,5.138289,5.5843654,5.4077244,5.901316,5.9101396,5.423593,4.4874053,3.1998408,1.9249136,0.43144396,1.786349,3.7131352,2.2613251,2.186057,3.1701193,3.4997633,2.0001986,1.401615,2.1520634,3.1507664,1.9030987,3.0696146,2.9976242,2.4306715,1.2214341,0.94180894,1.11855,1.3997396,1.6353041,1.7309031,1.6547855,1.4311258,1.1171479,0.87868166,0.93455005,1.2221328,1.759076,1.3526616,1.1848688,0.7592194,0.29841518,0.26327154,1.0411456,1.4841114,1.337615,0.74832207,0.7319914,0.83615595,0.7552188,0.62569606,0.57264936,0.7575344,0.9145649,1.0256408,1.0652106,1.1309619,1.0193247,1.2684888,1.8582752,1.9223816,0.5481092,1.09716,1.8564031,3.501116,5.1388083,3.6506202,2.146155,3.2741349,3.4748878,5.7676287,6.375273,3.037294,3.168868,1.8079432,3.1907783,3.5037646,2.4878128,2.322813,2.310175,1.17623,0.3911018,0.7899963,1.283007,0.9825044,0.9022101,0.9603155,0.78541744,0.42997974,0.51385105,0.24344668,0.6425425,0.81019545,0.8255297,0.8229483,0.8360187,0.656493,0.44796008,0.27443707,0.19612035,0.15801463,0.33126512,0.35818192,0.27948415,0.48268422,0.7469716,0.40417325,0.13913803,0.24841353,0.14086701,0.08943708,0.11887166,0.6369454,1.009813,0.730327,0.36991826,0.4605657,0.84719765,0.8839538,0.43960556,0.18688852,0.3684809,0.18870714,0.15649584,0.3162777,0.46297854,0.22928964,0.61265177,0.7784721,0.45682052,0.09604138,0.13866262,0.47349238,0.8012895,0.79978603,0.4716874,0.20557213,0.40205476,0.2678381,0.40782997,0.6771548,0.85062,0.62238765,0.31573156,0.068116315,0.10769731,0.50309026,0.6307484,0.48835427,0.18279132,0.03639332,0.12374444,0.14332315,0.31095004,0.0,A
0.002251459,0.006850148,0.010133987,0.0018336981,0.0055656857,0.010377782,0.015894825,0.0205489,0.013138355,0.02090782,0.01589835,0.013658887,0.021366755,0.049434703,0.019033115,0.08571784,0.13548127,0.13636671,0.15777467,0.34339744,0.114115514,0.23652521,1.2998708,1.816745,2.804907,2.6465654,2.8758812,1.927307,2.420133,2.558768,5.125115,2.4922984,3.0042212,0.55913675,1.584229,1.5874392,2.2344906,2.1506436,3.4454517,2.250285,2.8818846,2.5337055,1.6345187,1.9263622,5.0474906,6.3885365,6.251565,8.646161,8.510922,7.541156,11.4686165,7.491058,3.4409928,6.184712,1.0106509,2.8353772,2.9914849,1.2020472,3.1679547,0.9042098,3.661074,2.7309508,1.2698345,3.0861685,2.6888723,1.232076,1.5486547,2.1153417,2.4742837,2.5393908,1.2186972,0.6408343,1.5010722,1.3903147,2.0284114,3.3334289,6.065996,3.1973653,1.0198472,2.0638444,1.5445576,0.531546,2.9087324,0.94565165,0.63281363,0.8556944,0.54978275,0.5532031,1.0604764,1.2767044,0.974684,0.41007963,0.9589479,0.730036,0.7384839,0.9644876,1.360172,0.91763806,0.7656004,1.6364417,2.7328386,1.6528308,1.582359,1.7864224,1.5486506,1.1132834,0.46000043,1.3981942,2.5674696,3.669179,5.1805096,4.222632,2.999749,3.817439,3.0059915,3.72927,4.814513,5.9092693,7.4496326,3.8311036,0.45565346,2.271855,2.3614614,1.7513906,0.8464575,0.40044436,0.27324218,1.3725288,1.6391821,1.7565509,2.198196,2.351741,2.1905503,2.1724913,1.2976503,0.24483098,1.1820755,1.7286994,1.475103,1.2055725,0.52962404,0.38000667,0.15820545,0.27120903,0.48046872,0.14936082,0.1900809,0.10990353,0.4517127,0.89655906,1.469437,1.5916557,0.90133905,1.2597023,1.3853137,0.19355804,0.9834519,1.4463761,1.5212669,1.0587869,0.56492233,0.18698968,0.31887677,0.22477081,0.5310392,0.9552178,1.177229,1.3043364,1.0514865,0.839254,0.9337689,1.1117028,1.3757832,1.5919825,1.218481,0.5358564,0.18254603,0.26842684,0.44620442,0.779632,0.5866924,0.27710852,0.2312392,0.48468596,0.5151872,0.4411878,0.07160841,0.26333228,0.4499186,0.6031812,0.48384753,0.20514841,0.11735702,0.17501046,0.45371065,0.62242365,0.42074367,0.2413614,0.2687455,0.0,A
0.007616764,0.008088115,0.007621762,0.015130863,0.012644675,0.007460919,0.0073200986,0.011241226,0.017723985,0.024843315,0.059694506,0.02062434,0.07595697,0.0332229,0.08942521,0.13154912,0.23745064,0.25316823,0.23989815,0.28473198,0.44612038,0.63325953,1.4745364,1.4159399,2.7072945,1.9124199,2.6472478,2.2838106,1.7544715,4.293668,3.495005,5.6907315,0.41496053,2.6749814,2.3118742,1.2056028,2.231168,2.7356262,3.3615413,3.587276,2.9901912,2.0799887,1.9779532,2.5837014,4.3274117,6.1148,9.532231,9.385642,6.430059,5.1578293,7.466705,4.7134495,2.825697,6.5213404,4.552253,1.4204485,5.5797157,5.6613755,1.7195057,3.47953,5.21672,4.424073,2.3529224,2.2294073,2.6548808,1.5969856,2.298742,2.9610724,3.2487147,2.940834,1.690179,1.5020646,1.2749976,0.68676555,1.3647985,4.1729364,6.304563,3.07536,0.27344498,1.4462922,2.0609465,1.9907264,0.9398899,0.5264594,1.2779034,0.6272683,0.81730187,1.3683828,1.3737646,1.0535196,0.95483947,1.360515,1.4000543,1.2920375,1.2548137,0.91001534,1.1207843,1.7444481,1.5245228,2.35358,2.3679276,0.757142,0.83421725,1.1920059,1.0847055,3.0654607,2.3359795,1.9226297,2.5970533,3.5712304,2.8446422,3.2223525,4.783993,7.6367073,9.96519,9.579925,5.919674,4.5443063,5.2383404,5.4555063,4.133164,2.8063753,1.0639112,0.31233546,0.8420785,1.0150925,1.5780227,1.612331,0.76949966,0.28820074,0.22613621,0.37778398,0.5994775,0.86424994,0.9155024,1.0604255,0.8931556,0.3547609,0.5981984,0.579907,0.41594642,0.32227197,0.04322118,0.11257071,0.2056114,0.16821401,0.058140725,0.3109776,0.37654647,0.38854316,0.2824541,0.36176574,0.4321381,0.6234927,0.9163132,0.8113262,0.7622789,0.43992704,0.020841356,0.24553803,0.353231,0.34522396,0.12669024,0.36977476,0.41687703,0.45073238,0.34238493,0.16995673,0.11922908,0.2176184,0.16940172,0.1359592,0.584521,1.1522087,1.3151674,1.0616615,0.68007773,0.3027108,0.18194519,0.45269158,0.4537805,0.22923394,0.17863746,0.5275099,0.7323686,0.7283857,0.5392675,0.3566572,0.16188978,0.077277794,0.11505495,0.13319863,0.17706257,0.19500318,0.21351069,0.2481545,0.28043064,0.22970526,0.13944604,0.0,A
0.17197749,0.17295821,0.17635603,0.18000105,0.1812664,0.17829975,0.17568217,0.18316135,0.20378175,0.22329617,0.22657384,0.20738438,0.18604371,0.2041958,0.26274598,0.31082162,0.31355897,0.27213833,0.25125828,0.34447932,0.4917846,0.6218384,0.719037,0.8087234,0.9869392,1.219841,1.5015545,1.7136524,1.7904388,1.6886905,1.4133654,1.0301762,0.64404786,0.4166263,0.4080755,0.4863331,0.67008656,1.0393378,1.4257063,1.7586737,1.9162294,1.8674235,1.8009417,2.0263457,2.6807992,3.5720882,4.4370155,5.126923,5.475017,5.5179915,5.10153,4.434806,3.480611,2.47008,1.4617598,0.6447078,0.42191455,0.6866624,0.82305866,0.77543026,0.6123254,0.35624856,0.10701423,0.1908561,0.45387143,0.7039144,0.88964474,0.9690232,0.92512286,0.7896251,0.71199244,0.828841,1.115474,1.384235,1.578032,1.6224644,1.566834,1.4212104,1.2240325,1.0121973,0.8167094,0.6310529,0.46889517,0.34084013,0.23945713,0.19957024,0.24416825,0.3171986,0.40276134,0.49542135,0.5835597,0.6520521,0.71366334,0.7614021,0.8145367,0.89032716,0.9865741,1.089701,1.1926085,1.261129,1.2986677,1.299828,1.2527689,1.1698307,1.0564204,0.9118192,0.74473166,0.5683147,0.38553506,0.1888258,0.0564435,0.21951306,0.42266518,0.5923612,0.7365092,0.8548861,0.92316,0.962547,0.9678777,0.9419493,0.9056587,0.85695386,0.8099232,0.74963605,0.6876767,0.640468,0.5912319,0.555482,0.51981014,0.49195746,0.46049657,0.44258463,0.4236298,0.40756825,0.39341098,0.37764442,0.36069807,0.3436027,0.33197728,0.32576066,0.31940332,0.3136433,0.30959058,0.30344424,0.29841673,0.29471216,0.2933463,0.2904405,0.2905455,0.29973754,0.28534237,0.28751692,0.28457612,0.2781812,0.2714656,0.26216903,0.25361755,0.250531,0.25366294,0.26540032,0.2780655,0.29859456,0.3174946,0.33330002,0.34623414,0.33824772,0.3224872,0.2957485,0.26189315,0.22570865,0.19059955,0.16298538,0.14123718,0.13274585,0.14411265,0.1548573,0.17634933,0.19395986,0.20460604,0.20932277,0.20913841,0.20923178,0.20920049,0.2154438,0.22818935,0.24098858,0.256459,0.25501287,0.26291552,0.25506258,0.24629751,0.2339397,0.21696824,0.20012861,0.18635568,0.17570052,0.17822625,0.17432144,0.19868767,0.0,A
0.040780377,0.05463268,0.043540705,0.043272994,0.05393469,0.0397532,0.04076168,0.06423942,0.051538568,0.046598397,0.06325824,0.050426405,0.063909754,0.057175416,0.09475189,0.19690476,0.20478657,0.4846999,0.09906983,0.2913946,0.31165555,1.1311146,1.2236136,1.4035543,1.6463393,1.6377748,1.6407343,1.6991867,0.93431014,5.4185243,3.4443936,4.9225307,4.8071613,0.5678623,0.5571389,1.3537815,1.1904881,2.7191591,4.728579,5.925797,5.9513927,3.5608656,2.3894243,4.517641,9.397733,10.98761,11.47742,12.808075,10.689441,3.494153,8.1309,5.0701847,4.7633815,1.3805931,4.865047,4.128374,3.53628,7.200223,7.195039,3.09558,2.3826005,7.459567,8.933204,5.6496305,4.13583,2.9946098,3.3476586,3.4603448,3.7506714,5.0196404,3.9418836,0.46325567,1.8478299,1.9842829,3.170372,1.4746412,4.363091,3.3807073,0.90283084,1.3412057,2.3288805,3.082996,2.3849058,1.605291,2.384024,2.3370948,1.555896,1.524376,2.0310678,3.2026064,3.0289328,2.204196,1.5733273,1.2666388,1.8630192,2.5091333,3.649768,2.346901,1.2208827,0.7463815,2.170068,2.6407695,2.4773762,2.1991181,3.5746315,4.76931,3.3605502,1.2645029,1.7816675,4.434242,6.895699,6.5788355,6.820988,7.482561,6.7478266,7.0923057,6.628566,2.979832,2.212758,5.224036,5.428727,5.0635705,3.7140934,1.8594189,0.8879351,0.7527202,0.7712433,0.14038002,1.1404349,1.470099,1.4842348,1.0599667,1.0010338,1.0557364,0.846259,0.85849005,1.1162605,1.1354594,0.6546526,0.1751733,0.5634333,0.6368715,0.4177244,0.22061618,0.2361313,0.25327304,0.16944505,0.77511144,1.3858293,1.2189943,0.30667153,0.5522204,0.5933462,0.2665803,0.13961598,0.088935755,0.09674461,0.5348773,0.86274815,0.9648524,1.1555864,1.0217632,0.5844049,0.4171805,0.14302467,0.81451136,1.3100215,1.1158638,0.8179224,0.7486723,0.6642552,0.40502605,0.25441936,0.81675327,1.0109813,0.78103185,0.49676323,0.6359216,0.7284785,0.6052182,0.29156786,0.430789,0.45292908,0.18466774,0.110750504,0.2351291,0.3810332,0.48184633,0.46505642,0.2378784,0.1486733,0.2539913,0.24104944,0.30719766,0.33745185,0.2734687,0.14707994,0.41380998,1.1226797,0.0,A
0.15897876,0.16295324,0.17698129,0.18499982,0.19319856,0.20127489,0.2140651,0.23901342,0.25789765,0.28502446,0.2927937,0.36197138,0.36203334,0.40588984,0.4385653,0.60433674,0.65367234,0.49180174,1.0636739,0.60316396,0.7014448,0.9940965,1.0260686,1.8006165,3.376159,2.3877008,3.3305104,3.473389,4.0049157,6.1385527,10.562304,10.0181875,7.133645,5.8164463,4.3482585,4.5846224,6.423172,6.7434483,4.9701614,5.8466086,2.6946063,1.4875159,2.2485483,2.9872484,6.714643,1.3366333,7.642438,4.177081,5.239759,3.118721,3.635804,3.3895996,4.6996293,9.000819,6.216905,2.0105367,8.02662,5.51969,11.157143,4.110431,5.0819864,3.0773005,2.3254066,5.021938,5.0260825,4.380331,4.0640774,2.9468286,2.2094858,2.1471565,3.3553395,1.4426314,1.5077552,2.5422564,1.3102036,1.725749,2.5592258,1.5302893,1.2978945,0.67643607,2.1630824,3.4092293,4.2593718,1.2355882,2.341841,0.6731328,0.35520557,1.8830141,2.268713,2.1582234,2.1866364,0.5917834,1.3577584,1.2908833,0.9203603,1.557288,1.2256325,1.5632209,1.1791481,1.515323,1.0650383,1.1260263,2.4378715,1.5482169,0.8650564,1.1525434,1.9043715,3.5847821,4.970529,4.352338,3.1982098,3.686716,4.177848,3.6340659,3.4133012,6.061384,8.387418,9.909147,10.302838,9.184599,6.303008,3.4848285,1.3181164,0.7624563,1.1310787,1.8273078,2.158338,1.7816238,1.6264423,1.7796183,1.6827244,1.4013416,0.99719054,0.7306076,0.64104325,0.67971915,0.7060524,0.7400207,0.77584237,0.8367106,0.84347165,0.75581366,0.59465754,0.38762307,0.20375419,0.110713124,0.18499354,0.40242103,0.73659736,0.8859669,0.7899956,0.5065157,0.27702954,0.4647716,0.79501367,1.1171262,1.3052789,1.2102721,0.7930693,0.48831207,0.6642191,0.98769563,1.2994529,1.5918391,1.7046325,1.5540758,1.2063874,0.8530933,0.70219153,0.8143469,1.1336583,1.5136623,1.8046591,1.9411108,1.8430045,1.5757586,1.1939273,0.8038108,0.49086556,0.46647877,0.3500157,0.49880832,0.64785826,0.72389394,0.7780808,0.7500188,0.61846006,0.4110319,0.31564298,0.275611,0.2622552,0.33016282,0.38326368,0.4411281,0.4908212,0.49636424,0.4681295,0.35756534,0.23814818,0.0,B
0.024130473,0.02409776,0.024730762,0.050371606,0.0516178,0.059115525,0.058159836,0.04976453,0.080057725,0.15516417,0.14169894,0.1329209,0.12209364,0.13006884,0.21420512,0.41334713,0.9399428,0.81678134,0.32181123,0.603485,0.44172317,0.9836222,0.96418494,0.49814093,1.8768464,0.71383476,1.4310057,4.0676236,3.9462814,2.0843294,13.289225,7.0550027,8.318471,14.035215,3.2047017,3.0181973,7.1682577,6.1456056,4.7403197,4.3854856,2.7951262,4.8339734,3.002968,1.9540161,2.117273,4.057005,6.7638774,2.961961,3.0213828,7.5692177,12.088871,8.741737,6.66998,7.578255,4.077301,2.9670644,9.490018,7.7476225,9.94151,7.9488697,7.5892615,4.004605,2.2185352,5.3669415,3.9345624,4.433566,3.5852168,2.5058482,2.803974,0.9024679,0.8098293,3.7609131,1.2466267,1.4069406,2.3832324,1.997124,1.6347295,1.0976431,0.7474116,2.3050132,1.4732031,2.8905241,2.476431,3.6956246,0.74892354,1.3405387,0.4135614,3.1296816,2.298826,0.95606875,1.936578,3.5607026,0.58588874,3.4690926,0.6730141,0.9321689,1.3087065,0.8600598,1.7891412,1.1255617,0.29819614,2.5823343,2.5168054,2.6958683,1.7621595,2.8087554,3.0601704,3.3572695,7.918916,8.808602,3.1880145,3.5238,3.022747,6.4142137,8.246328,11.517331,13.214026,13.78374,11.188313,5.277305,1.1099098,4.8307147,6.7543263,4.6595116,2.166877,0.6945246,1.5124075,0.7850185,1.111987,1.6539086,1.8400902,2.0799022,2.595759,2.5345495,2.2201343,1.9538455,1.5658985,1.0849478,0.65558624,0.58275187,0.80103254,0.49469194,0.27027598,0.5574516,0.6235399,0.34520856,0.4224705,1.0954787,0.6995167,0.7760564,1.931371,2.1157737,1.8133355,1.2916683,1.0049465,1.258587,1.4060067,1.0444758,0.6264952,0.9409703,1.1007948,0.77352273,0.22868071,0.3130542,0.7349196,1.0387884,1.1323652,0.703373,0.43257567,0.85078275,0.82522136,0.5149548,0.65966773,1.5651385,2.383691,2.2499647,1.6203474,0.90492064,0.44992477,0.31364152,0.18076144,0.16318518,0.4597259,0.68071246,0.6268616,0.7371603,0.82920134,0.5446332,0.35447234,0.28300413,0.33237895,0.20855707,0.12449914,0.18186478,0.22034322,0.17403477,0.21469969,0.40455747,0.30578333,0.0,B
0.10934934,0.10963969,0.11307482,0.11464016,0.11745605,0.11928184,0.13047278,0.13475016,0.16189955,0.13437983,0.14000702,0.16034128,0.2051964,0.20561633,0.23309901,0.7519062,0.68228185,0.43457288,0.18316436,0.17763612,0.33932742,0.6502137,0.485784,0.8603113,1.0300081,0.789906,1.1808689,1.0005528,1.3507739,3.3235104,8.440835,18.640911,16.52491,2.9139402,2.5597003,2.1938221,4.335529,5.6803045,4.5363297,2.3522594,3.0889525,1.425526,1.1291035,1.6024429,0.841273,1.4893045,3.1612506,12.323795,11.864206,4.3855915,1.261496,7.7753463,3.0330274,6.0598216,4.4174867,5.4244723,2.802151,6.5102115,2.6136894,1.4460073,4.2317414,4.2149134,1.6364263,1.3169452,4.831119,5.0879803,2.1303263,1.2477152,1.6406406,1.640662,1.4182457,1.011779,1.8181585,0.76162124,1.1548572,1.1153042,1.6196188,0.6624461,1.0991865,1.1014427,3.8645728,6.5090847,1.0779339,2.0890274,1.2099153,0.3782803,0.44393975,0.8268168,1.9035194,1.6532558,1.8663108,0.9000137,0.15595996,0.10285669,0.88776094,1.0848815,1.167102,1.5367259,1.4678186,0.8668625,1.2887155,1.1429166,0.69485337,0.7404089,1.2952957,1.0331924,2.1057658,1.2184182,2.2247486,1.825337,2.096388,2.5638433,1.5155249,4.8610477,10.030243,11.967914,11.5710125,10.800534,8.109806,4.5102983,1.4461026,3.4827616,1.843353,0.99101347,0.46449074,0.7858979,0.8519582,0.79477954,0.76002383,0.95163316,1.1708992,0.8294253,1.2437259,2.2541385,2.8663905,3.0167747,2.6839483,2.1748486,1.505908,0.9919096,0.7252212,0.5706605,0.40237448,0.3731911,0.53213185,0.6770982,0.82526624,1.2005538,1.3591075,1.3315477,1.2723845,1.1328479,1.1026237,1.0761791,1.0566376,1.015664,1.0029472,0.87145925,0.53309166,0.31263515,0.6786023,0.85374457,0.7429644,0.68679005,1.0086951,1.3258883,1.3576348,1.0749829,0.7131402,0.49806082,0.4474187,0.5785939,0.85339576,0.9562113,0.97544134,0.8872134,0.7256647,0.5263129,0.553389,0.78326505,0.8508508,0.6071163,0.24652407,0.27768385,0.383894,0.41909477,0.42319566,0.34672815,0.23637967,0.16112548,0.09835503,0.06912415,0.073358834,0.06921269,0.07463322,0.12062476,0.22664821,0.37972125,0.4009779,0.0,B
0.7541809,0.75759286,0.75297457,0.7669606,0.7797775,0.7772969,0.7775348,0.79814047,0.7843494,0.8034364,0.8029479,0.84451514,0.8870431,0.9321049,1.1230549,1.181941,1.1284236,0.78477544,1.1980317,0.93223023,1.2087858,1.2156225,1.5659703,2.0025117,2.3304405,2.4675982,2.8158443,3.8042994,6.433662,12.080847,14.584016,12.399256,14.092768,9.047558,4.8880777,4.2463813,4.539749,8.322982,7.1956787,2.0842786,5.4950767,4.6667614,1.0161355,3.7821279,4.2018814,4.051308,6.824044,8.153117,5.976005,3.9548235,4.9764705,5.4669576,3.8671725,4.083144,4.1738834,1.7800715,3.7175431,4.753254,5.3618684,4.8949375,3.230171,5.76072,3.7882757,1.6503397,3.0640132,1.841099,1.7620957,1.8086863,1.8184209,1.0201262,0.97517055,1.4679711,1.5915123,0.43113306,0.84599215,0.7944354,1.9655664,2.704192,2.3348134,1.8263959,2.465102,3.315688,2.6890097,1.9243901,2.1579728,1.9408996,1.7248912,2.1540961,2.6428044,1.9543414,2.572929,3.103796,2.7415168,3.2344604,4.688034,4.6626396,1.9073304,2.4194126,2.342291,1.8355789,2.4252987,2.4898417,3.632335,5.28426,4.9386454,4.4121313,4.338525,4.3729024,5.414962,9.698968,15.5490055,12.11965,7.1813955,11.315525,16.126518,14.125479,7.937444,2.9859421,2.2643614,5.922855,6.088336,3.931945,2.0662625,2.043284,3.2334576,2.6846082,1.6958468,2.2804666,2.2227762,0.9955057,0.81731766,0.7363829,1.0534273,1.620116,1.8620437,1.1963607,0.8269824,0.7665822,0.6743139,0.65738374,0.61404,0.6663869,0.6389345,0.4782247,0.38734704,0.650798,0.7229889,0.9881556,1.6866958,1.5560985,1.0973102,0.79720247,0.60299563,0.8753346,0.9198769,0.42036936,0.35415637,0.49580625,0.219241,0.37825772,0.7888473,0.5767347,0.6875836,0.2842461,0.4174988,1.3939738,1.8514308,1.0807762,0.5136162,0.6414722,0.78468037,0.72364914,0.8478264,0.606554,0.74872077,0.7625761,0.69229376,0.6645433,0.6942356,0.5841005,0.35949773,0.34454682,0.37399012,0.42693353,0.49949723,0.46723107,0.35488692,0.3390067,0.21242705,0.19093737,0.16979936,0.17346914,0.16043352,0.16336192,0.16557275,0.1477787,0.35104936,0.4046343,0.2718823,0.0,B
0.056369003,0.05252973,0.059923995,0.054762866,0.048206773,0.063256554,0.05102769,0.065795824,0.054360338,0.09120632,0.042486344,0.0999704,0.048480216,0.07551399,0.11342294,0.14379093,0.33714035,0.4495231,0.49442765,0.62410504,0.6588989,0.91566443,1.0752445,1.0696585,1.6374029,0.93408686,1.5980889,1.3449093,2.0129275,2.477082,5.8572617,3.6517687,3.227229,1.9293407,1.7386667,0.7057756,10.507834,14.724507,9.645909,6.432946,8.308055,3.9044118,4.6797547,5.3421073,5.756634,5.763917,6.8369355,4.414004,3.5329752,4.803631,5.299472,2.9678078,4.342851,1.8129119,2.4743488,7.8408585,15.077371,10.564515,11.257889,1.6412965,13.206907,5.346102,4.1799784,4.3251805,4.739337,4.594698,4.008775,3.149584,3.7370782,2.1022408,1.8307602,0.6715979,1.3003763,0.966473,3.1579392,4.484902,11.783905,4.73695,2.347855,3.5838802,3.8035367,2.8107445,2.3964005,3.4363663,1.4409022,3.011169,1.7697908,1.7960038,1.6550336,1.3575461,0.9521139,0.9461374,1.2887962,2.7897344,2.8104713,1.8133446,3.3375492,1.1705463,2.1969547,2.9723275,1.1905771,1.9023533,1.9985187,0.80684453,0.7798769,1.5394913,1.1563077,2.8483129,3.5650368,4.786613,3.6987214,2.0521092,7.5248957,15.465584,17.43927,9.467234,2.556609,2.304245,2.63192,5.2198553,4.433357,5.1701365,4.112263,2.6948845,1.5051277,1.1726605,0.47635195,0.30739886,1.1067221,0.80237824,0.14704269,0.5712442,1.0870374,1.4907662,1.5998108,1.5988985,1.1270361,0.18649538,0.38354114,0.6348556,0.8777313,0.29107866,0.19183436,0.18342903,0.116001904,0.5773482,0.83820355,1.7674319,0.8954217,0.53630334,0.92459273,1.4315109,0.65091604,1.0233076,1.4247776,1.4306355,0.7388238,0.5916732,0.40676272,0.56453884,0.77897483,0.57741046,0.5765354,0.7186115,0.9647565,1.3532486,1.3149066,1.1267093,0.6401054,0.29991707,0.5287386,0.67160445,0.4233382,0.42352948,0.77102923,0.7502282,0.67202526,0.71033716,0.6141512,0.31725252,0.375476,0.20496343,0.41294283,0.30662483,0.56936836,0.50074965,0.75886416,0.65811104,0.25783306,0.109677434,0.07066649,0.13500763,0.18684468,0.11454585,0.2587259,0.34383404,0.4979511,0.4140771,0.2293393,0.0,B
0.09537924,0.088756286,0.09274602,0.10697396,0.080409475,0.101423346,0.09500694,0.091436826,0.11281975,0.13438755,0.10001437,0.09765377,0.1083078,0.12706028,0.23431677,0.36445868,0.55501145,0.47647887,0.13102955,0.6113024,0.1914737,0.5955522,0.19489142,1.0464424,1.0946473,0.8944611,0.97920364,0.30483744,2.983894,5.6461873,9.672776,9.769287,12.943573,4.486256,3.7425718,3.5901012,6.4411197,8.717342,4.150137,6.170407,12.089423,1.5722415,2.9999528,5.5074325,3.6743586,4.809319,1.007562,9.237005,11.136359,5.758703,6.314377,6.7980666,6.2788143,9.76178,4.4560227,10.898863,6.9828634,10.306661,9.775894,9.295982,6.457061,8.43492,9.8196945,2.0511065,1.7174087,5.3885794,3.336727,2.0968642,2.489031,5.6046968,1.6320359,3.2226307,2.0992198,1.8836279,4.9091434,5.0998354,7.4478154,5.1145353,3.689412,4.51444,5.3798976,1.9096558,2.9229722,2.091709,5.483876,4.484748,2.207871,2.2203107,4.5451145,4.1598616,5.0791516,3.522244,2.4314122,4.7618246,4.4105906,1.2569528,2.1733153,3.400369,1.7819302,2.8290908,4.1082335,3.075974,4.3922753,3.1431878,1.9629395,2.5045702,2.5538802,0.83997023,3.6222749,5.9962163,15.821909,15.2166,9.472655,4.9871006,3.6887085,3.7674155,2.3321037,5.579321,8.940571,0.73306775,2.1136532,0.8295959,2.0733094,2.3477886,0.73393524,0.5262464,2.1753874,3.0707622,1.7683437,0.93099487,0.8796002,1.1679659,1.0580297,0.72857815,0.43182853,0.518096,0.9778236,0.49807754,0.50911075,0.531097,0.6497687,1.1183974,0.51538056,0.15505861,0.62014997,0.38400978,0.120142385,1.5798385,2.1408257,0.92004454,0.47539482,1.0682309,0.5963726,0.937605,0.77240145,0.43114048,1.3822789,1.0915056,0.6284315,0.61687034,0.18118574,0.5077203,0.50405526,0.7996351,0.86484027,1.6464373,0.8562862,0.50439346,1.0852275,0.9213273,0.93123186,1.1141825,0.89880306,0.55290866,0.26449624,0.4391387,0.31404272,0.4229301,0.52345085,0.6637714,0.24737398,0.5147979,0.74912965,0.122291446,0.657439,0.08492003,0.6468257,0.2415635,0.261944,0.32009038,0.18035208,0.04264867,0.037904155,0.062439017,0.030799748,0.08201963,0.3113657,0.6538032,0.16808468,0.0,B
0.19481333,0.1929405,0.19506471,0.21114965,0.19227876,0.20514134,0.19953331,0.19512108,0.20453149,0.2360919,0.2337511,0.25869325,0.22018251,0.22931868,0.20348844,0.2962455,0.27549398,0.7904641,0.5504915,0.32750037,0.84008163,0.51009005,1.1369536,0.54436666,1.2991782,1.83364,0.58787054,0.787934,2.0243888,1.870983,2.8176053,2.3782036,2.153418,3.9899273,3.4036198,3.4659648,9.474317,10.451994,0.8495784,9.41008,5.1602564,5.1451187,2.8979514,4.6828403,3.333651,7.171068,2.650163,3.478263,2.9815538,1.8488054,7.98953,5.2040524,7.3068914,15.8577385,8.704245,10.255545,6.303148,8.150419,15.807575,8.525152,12.739539,11.239714,5.543651,3.121221,0.9048602,4.5153236,1.5289214,2.546763,2.4008887,0.8312327,4.4009223,1.6446675,2.1146014,1.6168205,1.3381099,1.3289851,3.0245092,3.6614218,0.78061706,3.5378904,5.8372498,2.4258056,4.6094437,1.6370686,4.3240113,1.8683753,2.2079756,1.4379534,3.2383635,4.888098,5.0748305,2.8979475,1.309855,1.875689,1.4957824,4.0033836,2.7099695,2.353308,1.9488156,3.7838883,0.98004925,3.4105098,1.4413028,0.90551007,3.1210527,2.5118978,3.9442313,4.313174,6.4227905,11.450953,17.527306,12.831532,3.0405219,5.6282277,13.775304,13.579273,9.225165,11.303223,8.992469,7.8607044,9.83871,9.98863,10.12901,7.525759,3.6939144,4.572282,4.546593,3.2493672,0.7677295,0.9723089,3.8900914,4.3065133,2.2501733,1.5973665,0.3313187,2.8217094,4.144961,3.6673932,2.6494522,1.2905332,1.1633325,1.2386478,0.78348595,1.17591,1.2423506,0.78857684,0.3044862,1.1676717,1.2877867,1.9061396,1.1747878,0.94545287,1.5336076,1.3286709,0.13289776,0.7286029,2.208961,2.7949245,2.6366386,1.9132785,0.777298,2.0601845,2.1434097,1.8792112,3.7443883,4.524877,2.9470656,1.2938534,2.7361047,1.9029694,1.4868358,0.35268018,0.7366171,1.1842909,1.4338292,1.2887567,1.0350524,1.0629538,1.8073934,1.2926804,1.9839993,1.80937,1.7687532,2.383107,2.1285403,1.4876736,0.23803921,0.61388963,0.33842888,0.22238041,0.49217054,0.32547206,0.25420597,0.15433715,0.2257027,0.527304,0.8530848,0.9913177,0.3481905,0.0,B
0.2046027,0.21621652,0.21397024,0.21651895,0.22446065,0.22156616,0.233917,0.23575045,0.25156713,0.25831047,0.25712967,0.30663937,0.2867168,0.39899957,0.37921825,0.46231002,0.53598285,0.44059974,0.38029563,0.6131268,0.83172536,0.8104503,0.58676285,1.3004991,1.4892044,1.8340147,3.4810064,3.7879026,7.032451,14.068843,21.394526,16.814602,9.583641,6.265299,2.0653243,2.8526645,2.2133286,5.0503364,2.699168,2.359879,4.053819,2.357671,1.0869828,2.2121656,4.734058,4.5380845,4.63331,7.309806,4.877159,3.7811058,6.6601944,8.662835,6.2787585,1.8819506,3.6064758,6.261827,7.801487,5.120581,3.7918804,6.045054,5.303152,5.567861,2.499754,2.83654,1.9762483,1.5630414,2.4443264,2.7093441,2.164987,1.9263453,1.6454747,0.80781937,1.079463,1.262993,1.7118027,2.406965,2.916267,2.6447995,0.8447869,1.8769544,3.0496683,1.2295712,1.2828134,1.3812184,1.5708693,3.1492865,2.9695375,0.79878503,1.4489657,2.159312,2.2230647,1.7026277,2.1835296,1.5063876,0.9325219,0.9281247,1.5400257,0.85441446,0.7790354,2.1966927,1.9749863,0.5353645,1.5408152,1.9223496,2.218997,1.7975229,1.6466576,1.3765764,1.449297,0.7191273,5.874891,7.1773176,5.753707,3.0929675,2.585181,5.3110046,6.3974133,3.8577158,1.5821503,3.3776715,1.2944565,1.474712,2.3441436,2.9625828,2.6531663,2.5709243,1.7393152,0.314878,0.95349073,0.8635982,0.3587403,0.33279347,0.60451055,1.4272387,2.0718358,1.8937578,1.1298509,1.1676614,1.059091,0.6633027,0.6204922,0.61148083,0.17774494,0.329107,0.32227913,0.18378773,0.29863957,0.89028126,1.0106139,0.19424297,0.5114908,0.93101114,0.7999005,0.39677012,0.44975704,0.59521806,0.8767802,0.8808277,0.31998628,0.3067149,0.31565693,0.29602486,0.16648556,0.38644516,0.23422903,0.16632706,0.3092659,0.29789966,0.29076207,0.33895203,0.53924084,0.57645035,0.9841308,0.92900306,0.5130302,0.66841185,0.46330005,0.12034627,0.52356213,0.7780369,0.755904,0.5429936,0.3983967,0.35104093,0.060215127,0.44670665,0.75145227,0.55943763,0.15420182,0.20220901,0.111353636,0.045253962,0.09585831,0.120768875,0.056018073,0.11967787,0.49500972,0.73499703,0.33569217,0.0,B
0.33765215,0.33414,0.34021884,0.35019663,0.34558156,0.3321317,0.33728933,0.36272964,0.36456558,0.3457982,0.3570954,0.42340854,0.43848705,0.37167528,0.3961334,0.6318913,0.910471,0.5037174,0.3919043,0.27666852,0.5751494,0.7247153,0.5747281,1.5610611,2.2512295,1.7476014,3.0261962,3.9242058,5.025532,10.309609,12.707067,22.535126,4.483916,10.939377,3.915152,4.435483,7.011722,4.8730884,3.8169472,5.5071607,2.0845149,1.9300646,1.8861471,2.8231535,2.6128135,5.5868025,6.112621,7.5565476,11.768081,7.7090592,8.666469,8.047657,8.754737,8.991913,4.855541,3.4992604,5.9257326,9.116071,12.040064,10.233238,9.3527,3.9473486,7.0997343,7.44718,3.797336,6.6830564,3.957672,7.5299363,2.73515,1.8726234,2.1269822,2.0812557,2.4190621,1.7557775,2.276366,3.2188816,2.7073283,4.2179003,1.3555118,2.2668104,1.3408893,6.2390127,2.4068308,5.2832875,4.553481,2.0223715,1.7526896,2.0848439,2.366346,3.641364,2.5556183,2.356021,1.9367068,1.3970511,0.88895744,1.4300412,3.3126264,2.6538603,1.9278455,2.05539,4.622715,5.637265,2.3153439,2.740012,5.3014703,5.2939677,4.3691473,3.9264703,2.7777576,1.9642965,1.6903309,1.794485,1.893893,1.2494662,3.0586112,8.199108,8.506156,3.9183095,5.2593718,5.727613,4.244654,1.8736743,2.4219303,1.9364434,0.82148635,0.14633444,1.0557932,1.2804116,0.88730687,0.9778004,0.40946567,0.4081887,0.66648614,1.4142061,0.7891064,0.21200953,0.5262992,0.7628799,0.45178908,0.3359127,0.9989128,0.86560297,0.4406238,0.32024416,0.2697036,0.20518185,0.72764266,0.34453267,0.52183634,0.25145996,0.58527625,0.77108026,0.644855,0.87161916,1.0859088,0.58469325,1.2177422,1.4327711,1.133478,0.49000555,1.0552825,1.2653677,0.7758806,0.2608943,1.414354,1.5820217,0.8983172,1.1024166,0.88240314,0.5198999,0.36350703,0.6717459,1.1403551,1.2130859,0.75089693,0.31919926,0.35747123,0.1772929,0.48099726,0.6528806,0.90636,1.5688554,1.8233835,1.0204114,0.67843497,0.51542234,0.21689902,0.7310345,0.62850004,0.15608156,0.12115461,0.17041926,0.10665409,0.13200092,0.17241822,0.30919376,0.4859103,0.1653368,0.19382146,0.0,B
0.19729865,0.19187151,0.19554958,0.18543002,0.1911545,0.19911274,0.1972792,0.2032787,0.1838632,0.19480556,0.19182381,0.19614875,0.20392627,0.19229499,0.21797097,0.18360221,0.5295033,0.51899886,0.2946456,0.20071584,0.44487846,0.101781845,0.5972542,0.17794812,0.9647103,0.98979723,1.0838515,1.5010388,2.5077007,4.143551,7.652087,6.5841584,7.3240047,5.6298594,2.2431731,8.026078,2.287995,13.34386,6.220353,5.2085395,9.069763,2.8473692,1.6901964,3.2995133,2.263229,2.0630584,4.121351,4.441702,4.0937967,5.401232,5.7420535,3.9743407,10.058309,13.182775,5.6794333,8.301241,12.258532,3.6503463,9.392142,5.7999387,7.090918,2.9555857,5.059401,3.9788258,5.0688324,4.015624,2.255082,1.8825787,4.535501,4.0002484,2.3807979,1.878476,0.51961875,1.0707924,2.394274,5.2679567,4.1181397,3.984773,2.5792603,3.5902667,3.4046648,3.6734629,4.3727565,0.24135478,1.8656765,3.5600557,2.664068,3.4100726,3.547307,3.7737234,4.82129,1.581194,3.1673985,3.4162552,1.3265657,3.5581553,3.6013026,3.3515358,1.9622054,1.9224621,4.1401997,3.4567018,0.35011125,2.4558177,5.0846076,3.9667163,4.1050158,4.1058984,4.129319,8.426212,8.842638,5.5638437,1.4002322,2.2256494,7.6963763,5.815461,1.9524151,1.921626,7.6879115,8.544752,6.793145,4.7562675,0.9319235,0.33991677,0.8210355,0.735134,1.7144217,0.6057937,0.53386956,0.3459884,0.8638286,0.7623178,0.6319436,0.8480789,0.20198558,0.34120667,1.0147568,1.0269042,0.6147532,0.9293167,1.107939,0.33591932,0.10667335,0.24972686,0.4356003,0.5427252,0.3902215,0.83165246,0.20931771,1.0475478,0.73328865,0.43908724,0.4975629,0.98924404,0.6682182,0.81635964,1.13206,1.3025723,0.78897166,1.0497826,0.83292437,0.92280823,0.8345687,0.38279173,0.09168341,0.13578627,0.72796166,0.86186874,0.5233067,0.58907986,0.66169494,0.7964172,0.5870004,1.3039353,0.7781926,0.66797656,0.56838363,0.6052012,0.851197,0.4843519,0.92152655,0.45624036,0.68905425,0.43625644,0.55945796,0.7382114,0.6417043,0.244225,0.11905257,0.10036206,0.057511937,0.05737008,0.15031563,0.19718447,0.04111492,0.13937388,0.33574718,0.1773409,0.19321486,0.0,B
0.32517174,0.3212903,0.32232988,0.3339702,0.3383347,0.3391118,0.35001796,0.34278917,0.37676728,0.35307494,0.33475363,0.32649207,0.35759786,0.4779408,0.40675732,0.23230416,0.32426566,0.51931566,0.6413444,0.49811718,0.48394886,0.23909068,0.84219486,0.46733224,0.66235393,1.0287055,1.359523,1.2776275,3.3365993,9.639895,15.376334,8.436586,5.99328,5.0695086,3.6269896,2.4952261,2.6176617,0.32541245,1.870328,2.5522892,4.2865076,3.3629167,1.9545711,0.95724607,2.3036191,4.717506,8.207048,7.675611,5.3576407,6.087852,3.7044957,3.8087127,3.7030973,0.40405756,2.9121883,3.8421044,3.8764946,3.5303135,4.564406,5.465449,3.8527818,4.356968,5.6275225,4.3879266,2.2504036,1.628162,2.34211,2.1211798,1.7762442,0.3713036,2.2392123,2.799394,1.3409716,1.1250964,1.743218,0.7053889,4.4425464,4.2044234,2.9153318,3.163003,1.4855313,2.9951653,4.2535663,2.4994438,1.357684,1.5856001,0.66517866,1.276719,0.5602828,1.5946529,2.8954196,4.381196,3.8936882,2.2907498,0.18750544,1.980595,3.855643,3.317468,2.0879285,1.4145539,1.4678916,1.385503,1.1859746,1.6530428,3.1242528,4.287035,3.8589883,2.976492,4.2660217,6.4876432,10.314059,10.20452,9.905172,10.309908,10.036895,9.183073,7.179632,7.3288784,8.501092,5.293824,2.8161674,1.8236806,1.5854039,2.6661286,2.3249545,2.4412556,2.2018054,3.7240658,4.204274,2.628808,1.5009197,1.2789514,0.8736075,0.9086584,0.54895806,0.16314253,0.59298176,0.6587557,0.6683906,0.55814576,0.71198034,1.1573983,1.1757101,1.1407734,0.97739774,0.3986797,0.57392174,0.8010767,0.5119328,1.5126077,1.8219104,1.4311447,0.370621,0.32083878,0.59198,0.7917603,1.5505846,1.7460532,1.5524375,1.6386212,1.6702743,1.5986781,1.3071476,0.46936563,1.0682626,2.0008042,1.9473697,1.1285548,0.49298564,0.35120928,0.17754593,0.3814744,1.0474192,1.7952342,1.9387448,2.5954373,2.131755,1.2376583,0.83468926,0.6031255,0.684696,1.028816,1.0179435,0.70929736,0.6493986,0.44566765,0.19213668,0.3564056,0.14947663,0.4639478,0.34932095,0.3176708,0.42010528,0.2072916,0.2881063,0.34905168,0.3854546,0.4245862,0.5798528,0.0,C
0.08499694,0.07960388,0.08403165,0.089336015,0.09627515,0.09171486,0.076871745,0.09048938,0.09026401,0.075575314,0.047811836,0.026323192,0.050636027,0.11153123,0.23894343,0.40897226,0.30193108,0.6407904,0.23507072,0.9579001,1.2206581,0.83102775,0.65645015,0.7763581,1.0052933,0.78911215,0.8079865,1.7459415,4.2112865,7.2711926,13.304955,8.593276,6.0080523,4.516553,2.6828394,3.200637,4.9163456,9.763846,9.3762865,6.336956,7.9280543,5.5201197,4.9123096,3.2810228,10.162664,7.8351097,7.348659,6.263369,3.224456,5.4242206,6.4279814,2.901406,3.0940585,4.3804164,6.606979,6.04544,3.3909433,11.472086,9.031915,8.522322,10.029355,1.3373654,4.142976,3.926455,1.5621376,5.956466,3.8047743,3.6465526,3.164506,0.8068109,1.4753927,2.1527264,1.2155937,0.8959556,3.9354475,4.7364225,4.041044,4.290438,3.0239427,4.0520935,3.087751,4.8327684,5.6720195,1.3868054,3.9861495,2.2143505,4.6755676,3.9689956,2.2848177,2.236234,1.9706446,1.6169887,1.7555801,0.3645257,0.41071513,2.7122676,4.485544,1.9947412,1.0976454,1.0090173,2.652824,2.5179338,1.2651852,1.2489511,1.6647367,2.7223141,2.8386128,4.981551,5.1957517,5.1207705,6.2832794,8.071762,12.988896,9.727423,5.9122114,5.724806,2.2990577,10.548805,16.5542,10.523441,3.6949313,3.0823376,5.707529,6.4043293,3.687692,1.7767683,2.451651,2.607669,4.053481,3.1271036,4.16555,5.004123,5.1426287,3.8896015,3.6940749,5.2505693,5.5163245,5.3082123,4.1552873,3.3293536,1.3158085,2.51231,1.7992586,0.85753155,0.6572618,0.32409117,0.61211497,1.9901036,2.600252,2.0182447,2.7173638,2.4456992,1.4096626,1.5509579,1.5503422,2.225802,4.00437,5.0560656,2.5017998,1.3363792,2.8256898,3.1167548,2.7720134,2.4118178,1.1043658,2.3722634,4.466813,4.0209446,2.0144746,1.16336,1.7634383,1.7431936,1.2120982,2.5427086,3.8877404,3.5473697,1.801285,0.7542883,1.1835232,1.9499096,1.9058903,2.3060079,2.0727885,1.1897242,0.81424147,2.3821697,2.0735457,2.0026171,0.8247197,0.44696668,0.2615739,0.34869027,0.73773015,0.743007,0.3347818,0.25003728,0.58097816,0.78218853,0.48786932,0.0,C
0.032956265,0.031075845,0.043827992,0.032723207,0.03444645,0.03883991,0.056475427,0.06556248,0.045856576,0.044659067,0.086813875,0.14504997,0.1610646,0.18667035,0.34197104,0.33296242,0.29085886,0.5881604,0.32467046,0.30597687,0.649642,1.2691464,1.5176778,1.123905,1.2311826,0.6238835,0.78810596,1.5352354,3.332194,8.617687,13.642345,8.62268,5.1420197,3.6259189,1.6754122,2.1744342,3.341174,4.9593077,3.6427195,6.102238,5.841292,4.392104,2.1699624,6.235184,8.28839,15.064014,9.479845,10.870954,6.6111155,5.116247,6.9347754,4.4004397,3.7477036,1.8572074,3.2373786,4.6692114,0.7272293,5.1081424,5.0477366,0.9142127,6.5638075,7.0952816,2.5708804,3.9269462,4.2714586,2.4686027,0.5127323,1.8549107,4.207454,3.4541857,0.5650904,0.9155943,1.3380159,2.1890943,1.375606,2.065659,2.4451332,2.2338312,2.8383977,1.7828736,0.2689179,2.1782482,1.8157284,3.605815,3.738297,2.2623858,1.3916419,2.4616637,0.6605733,1.7648001,1.1436472,0.93938345,1.5040709,0.95122033,1.5437925,0.45211312,1.124221,1.1224533,1.1572679,1.0093557,0.29669857,1.2212286,0.85592866,1.6021366,0.43074462,3.4076123,2.6277387,5.3761806,3.1001966,3.2109768,3.8932538,4.1585355,2.6473782,7.265709,11.417824,8.108036,1.4324167,5.2599573,5.402156,4.9143405,2.1562316,7.8690042,7.009412,3.246599,0.17061183,1.3234254,1.1488299,0.91551274,4.080892,6.967312,8.040343,4.1992407,0.83162606,3.8245838,3.0381494,3.0050304,5.334817,3.0092907,4.2161846,5.093587,4.919252,2.8912559,0.75668955,0.6309801,0.7809157,0.3171202,0.5052911,0.75389916,2.6425555,3.670349,3.7604344,0.7828601,1.2309625,0.6904892,1.3642697,0.7284092,2.0402758,3.1416025,2.1523917,1.8470308,1.6878716,1.5289423,1.6206415,1.8438464,1.2061914,1.7130117,3.3604705,3.1532822,2.0225854,3.5509977,3.4699044,1.2048519,2.282733,2.6985936,2.1215389,1.0355117,1.5442865,1.2513818,2.0116394,2.0008223,1.8938212,2.338111,2.194121,0.57366484,0.35334122,0.25119638,1.6008111,2.0771642,0.94760966,0.45305195,0.062445935,0.3910683,0.7209595,0.6272051,0.1460981,0.17390612,0.8977244,0.30771318,0.99602634,0.0,C
0.22455476,0.23270896,0.2307189,0.23013532,0.23844954,0.23576605,0.24282111,0.27470294,0.27133057,0.28683022,0.30363408,0.31030622,0.31777728,0.43061522,0.56937724,0.5904485,0.60762256,0.4117954,0.44253615,1.1725174,0.7367218,1.3631468,2.7960823,2.2682447,1.7110701,3.2351696,3.6806862,2.6202075,2.0965977,4.3604264,7.95048,4.101411,4.769837,7.2462034,3.1103861,3.0915797,7.4476533,6.358521,5.7405295,7.3983912,6.3629217,6.087675,3.9394376,4.0776687,9.107241,10.058197,15.934894,11.256795,12.74464,5.005119,12.889861,3.2052217,7.4766774,6.1329393,6.0838513,6.537688,3.8738866,3.6327488,8.026207,2.282738,7.666753,6.7489147,2.3850715,7.0568357,3.0856662,2.6739452,4.4444776,0.9797695,3.511329,3.964385,2.058202,2.631287,1.2939171,1.5497887,3.2456071,2.9669502,2.6156664,1.0344967,2.2513652,2.928229,1.8449501,2.5287004,3.5181575,2.5253012,2.3020384,1.7758658,1.3821295,0.5129542,3.7717273,2.0422764,0.6531815,0.46759394,1.7072557,0.39106092,0.5065369,0.5389924,1.792458,0.6893257,0.73072886,1.4735131,0.7467687,1.0013273,1.1386477,1.1050171,3.1727433,3.378587,1.6538073,2.1142712,3.7500377,8.180825,2.11035,5.2347403,1.544812,8.741395,7.775744,3.4837892,5.35955,1.1187025,11.453469,11.801994,5.799046,3.0709937,3.8910096,3.812611,6.5609636,3.015577,1.3602233,3.5464456,5.91388,5.207337,4.216917,1.5409364,3.3564553,5.4702244,3.6012688,4.0257325,4.711127,5.0701976,3.3786128,0.47784254,2.5269597,2.7565172,1.7866493,1.8912157,1.4501116,0.302734,0.5194615,2.11268,1.7507195,2.4335322,3.1027799,1.10609,1.3578367,0.32395038,2.5688546,3.219061,1.7570564,1.2276022,0.36802244,0.5450659,2.7087507,3.4432833,3.2660794,3.5582237,1.3498248,2.1265988,2.1976893,1.4948953,3.7256498,3.3462524,1.3205202,1.3077532,0.35360873,2.25778,3.146568,2.4677744,0.8510411,0.65314496,0.84379256,1.8106738,3.2194066,3.1912844,1.4803212,0.23720872,1.2690341,1.0527534,1.6705348,2.3132932,1.0963899,1.027098,0.58058214,0.2704521,0.1996828,0.51858777,0.61415106,0.38866067,0.7776665,1.3762234,1.2619541,0.0,C
0.14333445,0.14270443,0.14342432,0.14497267,0.17665929,0.16168869,0.16550665,0.1707302,0.16945586,0.22817989,0.25902978,0.19079107,0.20291707,0.1702964,0.19904065,0.5210209,0.7971728,0.86447066,0.38672718,0.7330273,1.3325955,2.0186427,1.5203001,0.6449901,1.2491528,2.3921864,2.4597192,2.3234863,4.5473003,10.953283,15.118513,9.171693,5.4305654,8.433104,4.3490124,2.1628604,6.4288406,10.762215,7.9455314,8.176314,11.57551,8.921524,8.822904,9.382801,11.394959,10.601249,12.364217,4.2091837,7.3535256,11.426023,1.821032,7.8532963,6.587308,5.2356052,6.5768275,3.9357364,7.0970874,7.6483865,9.035604,11.390325,5.6895213,4.646654,7.3134165,1.8112748,5.2503266,3.1799376,5.5716085,2.3814573,1.6192483,2.5447876,2.2917964,1.0059428,0.6408256,1.260372,1.8654354,2.9762437,4.61379,4.094572,2.828513,2.821804,5.376751,3.4037762,2.0360355,4.481564,4.816216,2.7805192,4.343197,1.6256918,3.2794852,1.0440336,1.9801773,2.677508,2.397474,1.6254541,1.0611061,1.3262643,1.6996436,1.5465577,0.9425229,1.3144343,1.4476283,1.2234753,1.6987705,1.2527417,1.6814739,1.9897553,2.0346284,1.9942147,2.2688737,5.210659,4.1784563,2.98274,3.7153935,7.8800797,7.832594,3.854068,9.019662,10.570512,6.7675853,0.80285543,6.578237,5.653796,3.1342716,0.67609274,3.7175982,3.9144306,3.269994,1.2577419,2.7445943,5.7269316,7.055845,5.502412,2.6936693,3.6038816,7.4492197,8.790683,6.447605,2.0470347,2.6418653,5.0966406,5.5900908,3.303775,0.8031826,1.4789995,1.7106012,0.46395034,0.61280155,1.4289535,3.5369973,2.721908,0.57673,1.034069,2.7662714,3.6675272,2.8798575,1.6405538,0.9083781,1.6916243,2.6880252,2.5558164,2.1936798,0.65332407,1.8972636,2.3600285,2.014306,2.7685313,1.9896355,2.389673,1.3706357,0.74634224,1.7350578,1.4562232,1.4589915,1.3982955,0.88076264,1.1895516,1.8370382,1.1949021,1.6165498,1.463555,0.41296783,0.5549017,2.3620408,3.845066,2.5901742,0.86423093,0.405139,1.0410649,1.7138901,1.5174392,0.8433741,0.3645039,0.29782718,0.13665268,0.4496472,0.5864585,0.71512413,0.84400856,0.6034696,0.0,C
0.20251346,0.2048411,0.20785226,0.2150976,0.21397263,0.21742791,0.22207619,0.24518695,0.23315218,0.28651986,0.24394579,0.25844046,0.32030407,0.33668333,0.4066323,0.3963663,0.6792117,0.8506134,0.45012185,0.6193267,1.0435954,0.92820674,3.6972528,3.0497367,1.9422923,1.5540742,2.5178483,3.2113197,4.9880443,7.110411,9.092552,7.377971,7.446108,5.4753137,3.1781745,2.2864969,4.1039653,6.791903,4.458274,6.066183,6.3442974,6.9259195,2.9714992,8.126617,19.734577,30.571768,27.325285,23.733004,5.2457294,8.071629,9.68155,5.840706,7.727141,5.475507,4.810434,3.637117,6.5358725,8.940379,8.506995,6.3493257,4.0846553,8.184676,3.8442595,3.590107,7.6607466,4.7185984,2.7938137,3.529705,4.754776,6.1874943,3.3552523,2.926083,1.0834614,1.2731928,2.0720065,4.8549705,4.6160893,1.5422759,1.6726832,3.981105,3.0672696,3.4957657,2.6642735,2.6987224,4.5200796,3.3038805,2.1264026,3.1476429,3.6599257,0.6170284,0.8369222,2.0704033,1.6206639,2.0631893,1.734771,0.8890877,2.2527883,2.2309885,1.8343831,1.3509434,1.2275761,1.4004253,1.6787221,1.0579761,1.2749271,1.533966,2.0045497,2.0508373,7.3660984,8.049877,10.228852,9.270627,6.829355,16.705843,13.837695,3.4384224,9.412225,9.704321,7.19963,10.552587,7.8392363,3.6234198,3.5750153,4.0171394,2.6438289,0.71195173,2.9770646,3.5454783,6.0529494,9.009443,9.214549,5.7976217,3.3755398,5.9468956,4.538616,5.382876,7.803496,5.434193,2.0076985,1.1415616,2.9090922,3.096689,1.7434733,0.7480504,1.1014384,1.0339534,0.9182834,2.63115,3.9143963,4.7648673,4.735405,3.1392431,3.4687521,2.6561475,1.8922747,3.6980805,4.707047,5.2375736,3.5898619,1.3795161,1.5224248,2.857236,3.7446582,2.348245,0.9852565,3.9424336,5.6849627,5.8728504,4.260426,2.6862404,4.056107,3.296838,1.1577595,1.5729936,2.5330744,2.0880377,1.4750409,0.78713775,2.562539,2.8178062,1.7811018,0.69159883,1.4844393,1.80518,2.2189958,2.445811,1.1950798,0.8621624,1.3906316,0.9719144,0.2615615,0.2791168,0.5681019,0.6285304,0.53178024,0.53123206,0.19023459,0.88798183,0.97658294,0.0,C
0.10736766,0.10550659,0.10775339,0.100569226,0.103431426,0.114682116,0.098634005,0.114835866,0.102284454,0.109500155,0.109886594,0.10398075,0.10797328,0.12978113,0.09935166,0.21899003,0.43936452,0.3026436,0.49284112,0.72998327,0.8782988,1.2777638,2.03849,1.3860002,1.2370235,0.622937,1.2014074,2.1635392,5.233586,6.3383594,4.595159,7.444825,4.799671,2.9118195,2.367704,2.7115011,5.357089,4.2093673,7.4840703,7.730954,11.628819,8.633123,5.672322,14.121236,23.070004,20.649288,13.606887,8.884578,4.436303,2.8121052,5.0480585,5.942285,3.4340339,5.3564773,6.0383463,7.75289,7.9919176,7.493884,5.8114142,4.512298,6.6700506,4.131452,4.7064342,4.9705744,5.0592313,5.3733463,6.135931,4.9551425,1.340203,3.0006104,1.6606461,1.2950078,1.7030092,2.9356477,3.608461,3.1968913,4.1945424,3.8531203,3.2019954,2.1981936,2.9092906,3.0155017,2.457773,3.574253,4.172975,3.486571,2.0464818,3.5863807,5.056755,2.7330108,2.4057975,1.7867479,0.6290711,1.4534094,1.1319375,1.0397338,1.4192038,0.9521339,1.3193129,0.8267884,1.2767563,1.1177702,2.052431,0.9133444,0.6932254,1.5185962,2.7611005,2.0050414,3.4483547,3.968916,4.2346,6.406258,5.5127244,6.5876627,10.254845,10.509235,8.102114,8.466615,7.7466016,6.9888353,5.833645,4.934342,3.4755805,3.1298635,3.5256894,4.637963,4.827304,2.6805494,2.6711078,3.1871376,3.4472084,3.088967,2.5521207,2.7882564,3.011184,3.05166,3.0153458,2.8091142,2.4870713,2.1609712,2.393987,2.0507162,1.1939617,0.8474356,0.81937695,0.9074738,1.3957438,2.3727534,1.9805856,1.4829735,1.1970427,1.1672897,1.6264,1.896353,2.033866,2.0289173,2.3410718,2.557301,2.6413398,2.3165605,1.5283298,0.7315733,0.91604125,1.7985182,2.374439,2.4625297,2.772825,2.4521027,1.9913206,1.0749851,1.1883025,0.6563927,0.70575035,1.1679506,1.6695359,2.0295467,2.2955315,2.2077327,1.6795473,1.457145,1.1634966,1.1335014,1.0909659,1.2587243,1.3246644,1.2406567,1.0328428,0.8147033,0.5428403,0.3465359,0.2743334,0.15979825,0.19986586,0.37050822,0.56237787,0.6779025,0.6712847,0.6216079,0.48016694,0.0,C
0.1441504,0.14651877,0.13450693,0.14797725,0.14231695,0.16898063,0.13970797,0.18629597,0.15538508,0.16367257,0.1563674,0.21045443,0.20722055,0.22490814,0.24446578,0.20830609,0.87751544,0.4775422,0.8217087,0.7706228,1.5089136,1.2452847,1.4880688,1.5985913,1.2885426,1.4198619,1.2484142,1.5720395,1.6517683,3.9064014,4.558575,3.9996731,7.331432,5.6499133,5.103691,5.7114954,8.82048,9.999225,7.2157736,9.456496,10.992468,13.084441,6.9103065,7.1630497,14.575627,13.19944,10.192525,8.911982,3.6105747,5.7451286,10.245463,5.015111,4.9743366,8.21523,5.8046923,8.027899,8.521435,6.8800793,14.078876,13.815309,11.280581,13.055933,7.4796176,2.3356504,1.8694247,4.6545053,6.9046826,4.4745936,4.388674,3.523522,1.6518322,2.3271832,2.0190954,2.5418975,3.5296247,6.03314,8.601633,3.368123,5.4472833,7.9333696,8.256401,7.204621,5.711843,4.2158766,2.8196154,3.4052856,3.1934855,4.0096016,3.4055653,2.047317,2.9462981,1.105257,1.2277204,1.3173927,0.61504483,1.1106784,1.2469282,0.9161541,1.4919515,2.484264,3.4635088,3.4696877,2.0954423,0.6193737,1.9977753,2.6550584,3.0627642,2.199824,3.246182,5.0605316,5.2384963,4.32933,7.0815754,11.726987,16.194738,13.651004,4.447354,10.525066,18.57371,10.211854,9.664113,9.003432,7.673597,5.202881,3.1383057,0.69732296,2.1286721,2.658659,1.9839715,2.7801416,4.226588,5.586703,6.344726,7.06868,6.5657606,4.528003,4.6820283,4.7289686,4.1678042,4.9218035,5.1472754,4.526484,3.1965683,2.019577,1.2804728,0.53382534,0.9195444,0.98853964,1.525294,2.1025019,2.858676,4.293837,3.3658075,2.6928117,3.1226745,3.7379038,3.8384342,3.0269413,2.8127735,4.0470285,4.809868,4.990551,4.485761,3.253225,1.6758882,1.2544234,2.115063,2.3079765,1.8539573,2.5492601,1.6868774,2.0618198,1.7355617,1.6740305,1.4316673,2.2465174,1.5639846,1.3350369,2.3916376,3.0818572,3.2327125,2.8591614,2.32903,1.7893869,1.1008599,0.8643746,1.2708534,2.1969814,1.6208307,0.4274567,0.43624717,0.44220677,0.6018747,0.88192075,0.73627925,0.41500887,0.80877775,0.8520085,0.8436831,0.0,C
0.026827851,0.026755974,0.029552199,0.044371925,0.050822794,0.048889346,0.051780447,0.064316876,0.068554364,0.083319,0.07299836,0.13138044,0.112599336,0.17142871,0.10973223,0.3553756,0.41758758,0.32078862,0.36197394,0.7613435,1.3184257,0.91182274,0.85678023,1.0518214,0.6346662,0.9537153,0.91973954,1.4264659,2.2334669,2.8624532,4.4353175,3.9827106,3.423978,4.1195765,4.02194,5.975925,7.5313463,6.973262,6.298063,5.784259,12.81283,13.28805,6.05374,3.3619177,7.033851,5.2456183,2.076547,2.3673983,3.588504,3.7759852,3.0225017,7.4245005,10.592587,9.655364,5.396099,3.9825668,4.048889,6.46207,5.2382236,9.00285,10.09899,5.134215,4.9509163,6.3223934,3.6182587,3.596829,3.6196284,1.9545754,2.1166763,3.311205,2.7865942,1.5640281,1.4102552,1.6995885,2.4317403,2.0865514,1.2437291,1.6449094,3.3899105,5.1213174,5.7400136,4.5881515,3.288798,3.798349,3.7607353,2.3661408,1.4694842,2.3538165,3.759389,2.9274678,0.39228415,1.6129837,1.4125446,0.47384456,0.7737672,0.8214683,0.51547194,0.76879764,1.2685058,1.7247543,1.8729174,2.4441142,2.2770257,1.9131706,1.8206469,2.3341193,2.687975,3.1029658,3.7212694,3.1243153,3.1522794,3.467926,3.61663,3.5796757,4.2662106,5.839741,3.9267712,3.8974812,7.892352,6.1596293,6.215692,7.1568723,6.9144797,5.499894,5.9273043,4.402976,0.87922555,3.100418,4.781284,3.7751713,3.9786499,3.5482657,2.5771525,3.2329895,3.4422095,2.8936884,2.5679145,3.078501,3.6370661,4.0705733,4.1457067,3.7221859,2.860507,2.3146324,2.1027713,1.0273975,0.7568787,0.8385643,1.7673877,1.6981808,1.3717089,1.485838,1.3603383,1.121898,1.0092757,1.1050638,1.2560512,1.3463198,1.4483681,1.7152398,2.098809,2.3840292,2.4122612,2.1591837,1.735343,1.3480188,1.5022671,1.3224622,0.84773093,0.64924425,1.3258759,1.0510676,0.9909742,1.6044296,1.9167274,1.5949208,1.0260688,1.071376,1.526541,2.031147,2.497135,2.7751603,2.769995,2.509921,2.136191,1.826172,1.6249529,1.3889337,1.2317832,0.5278855,0.13888688,0.25678772,0.43959254,0.41457385,0.34912235,0.30633423,0.5962412,1.3826736,0.8926424,0.0,C
0.14129679,0.1391858,0.13838805,0.13567479,0.13988242,0.1344679,0.14102611,0.12998997,0.13775586,0.17072974,0.13222274,0.16800614,0.117476106,0.117703915,0.15273985,0.26683506,0.5828331,0.3759366,0.35870206,0.7124782,0.6557736,1.083321,2.1161032,1.703331,0.8785689,1.1700664,1.2159718,0.9362438,1.3862879,4.7025824,9.591294,10.021103,5.7838445,2.9876704,2.7359369,4.5564084,7.022316,4.999164,8.073511,7.17424,6.223234,6.771176,5.9409504,6.9424953,12.975046,16.714956,13.901545,10.884989,4.7853518,7.840334,3.6267288,5.9554563,3.8126075,7.8626676,4.038357,5.370778,7.432499,8.617325,7.467429,7.227879,5.2769313,3.9611027,4.5545034,3.5667026,2.5627224,4.078107,4.640412,3.3845775,4.602551,4.060935,1.2777323,2.2215247,1.5398208,2.7125769,2.0092797,2.6598406,1.6176703,2.2895424,2.736598,2.9405882,3.3009193,3.1054862,2.4287946,2.680129,3.2489753,3.3392885,3.0419416,3.0481625,3.926646,3.8526745,1.6211002,1.2129464,1.9516169,2.271004,1.9251634,0.42028642,1.9252576,2.9516597,1.7544152,1.4971136,1.8276125,0.7685898,1.1945705,2.136947,2.7088542,3.7566342,3.3021126,2.8285801,3.2236774,3.1150553,3.5961866,4.5316067,5.7655425,7.8670936,9.617711,9.2878895,5.734923,4.628048,8.563332,7.9372497,6.45337,6.5546737,6.115067,5.152517,3.4854953,3.2717278,3.304766,3.1245525,2.7088535,2.3566313,2.4238126,2.3428547,2.9108257,3.8579125,4.3783326,4.092167,3.239935,2.5673962,2.5034058,2.8440504,3.243289,3.3242235,2.7554252,1.8345412,1.1125302,0.71258295,0.6497764,1.143635,1.3078308,1.366477,1.538549,2.173635,1.8313646,1.961032,1.7837703,1.2040468,0.5685515,0.4331404,0.25669605,0.941176,2.5957317,3.7291565,3.4169488,1.805719,1.5184265,3.8393977,4.7461867,3.9832094,2.1556878,2.0187488,1.8406065,1.1552725,0.67619926,1.6338248,1.8277055,1.3051506,0.81554633,0.8381962,1.7173548,2.6930356,3.0774503,2.7681894,1.8016353,1.0833213,1.3582498,2.2372327,2.2602062,1.7695967,1.1608225,0.6695728,0.36586753,0.23146498,0.27505857,0.2123039,0.2740418,0.5645719,0.85661256,0.90675217,0.8750085,0.0,C
0.09231887,0.095977716,0.09947412,0.10134997,0.09487661,0.10915167,0.12043869,0.10696634,0.09957125,0.13653502,0.12947483,0.11785508,0.20277569,0.13762651,0.24230988,0.33891755,0.76941913,0.7568105,0.19529548,0.2958965,0.26270074,0.5960275,1.1580341,1.5688976,1.9220072,2.6084046,3.339547,3.8552802,5.022772,7.933634,12.123383,9.079985,6.0362687,6.692514,6.5795803,5.3364964,4.837752,7.159701,7.151085,7.1857386,5.3319626,2.9764721,4.2597885,2.6267185,4.93006,6.962926,4.7529173,4.1045203,5.755755,5.042795,8.737433,11.526852,9.042357,6.7450233,4.12167,3.1051087,7.0730696,9.911958,8.88473,6.9186826,6.028283,10.248836,7.8033643,3.2542415,1.3406425,1.9054451,3.315377,3.9302056,3.4963493,4.2428412,3.7727427,1.9050092,2.615226,2.5038295,2.4064748,2.2934103,5.496985,3.285108,2.3144398,6.3346405,6.9094048,7.4923587,7.18183,2.0253594,3.9643378,6.5237927,6.103865,7.98595,10.2613735,6.505422,1.0403149,3.0527134,2.1230903,2.432888,4.8419533,5.983425,4.6142383,2.1996586,1.4885216,2.1121325,3.1866252,3.6747575,2.1442544,3.603386,3.9433439,2.685994,2.9110143,2.8715515,3.9484134,6.816607,10.194816,5.5753922,3.166475,7.2471466,11.759755,12.018181,8.192525,7.3059244,8.214888,10.677153,13.425966,13.379467,9.336351,2.9804287,3.0491443,5.500185,4.8559465,2.9835,3.2364776,2.1576605,1.6275103,1.8209437,1.8861295,1.9907063,2.9438496,3.8474033,4.2457914,4.0872917,3.3339813,2.234487,1.659889,1.2787476,0.7592564,0.4682767,0.7475787,0.84302753,0.7929267,1.5985104,1.3832544,1.2969013,1.3202056,1.0320338,0.686406,0.7833511,1.3712474,2.0859597,2.3775647,1.8940951,1.0423174,0.75557506,0.86267185,1.0058162,0.6813861,0.80420077,0.98165894,0.79011035,0.69622827,1.1151397,1.469266,1.7011691,1.9241633,1.7647803,2.2594028,2.8298552,2.7479048,1.7868638,1.5041951,1.6423464,2.0396585,1.4409997,0.67541385,1.2808756,1.4478185,1.2191726,1.4737856,1.8739635,2.3327823,2.1594448,1.6399165,1.1077464,0.72629654,0.4868476,0.26922163,0.23247318,0.50016445,0.78141063,0.78051156,0.48773474,0.4281615,0.0,D
0.4347587,0.44059154,0.44506565,0.44066292,0.4541013,0.45145166,0.44619226,0.46427083,0.49653336,0.46010917,0.43567175,0.48606694,0.489942,0.45039767,0.47210962,0.43113035,0.8727429,1.1003214,1.4094262,1.168607,1.4709482,0.82709026,1.6208091,1.6679641,1.3543102,1.4058031,2.2808723,1.2137371,3.6326346,4.6462846,7.8854823,5.5546765,5.780002,7.3637123,6.2284384,5.873322,5.1462255,9.955664,10.79876,11.091341,11.049717,7.735058,3.540927,3.1717358,4.068015,3.3944483,5.9703655,5.4435015,3.7789032,2.500841,7.7273374,7.1830626,5.9813027,6.469487,9.220528,6.423631,4.6774178,6.53579,7.524236,8.584659,11.954795,11.887499,8.578586,5.6593356,5.2734494,2.704877,1.8420014,4.2050548,5.1564655,3.984765,5.213508,3.759449,1.7290761,1.7858914,2.6839564,6.710536,8.364956,4.9611883,2.9590197,3.104592,5.87321,10.954374,11.120768,4.991034,3.2641323,1.8901051,3.834933,7.3717947,7.89709,10.623471,10.07935,5.24591,0.9967083,2.5431721,2.3414032,2.986416,5.7166095,4.822644,2.2516866,1.0223589,1.2083831,1.7790735,1.4226141,2.258883,3.3289244,5.4567776,4.1130214,3.0448527,4.104885,4.3653817,4.225671,2.8965707,3.632298,4.9783583,3.6609812,3.6013696,5.4796357,7.856268,10.329272,9.88341,8.843634,9.502388,7.382427,4.5169783,4.209764,3.3833058,3.1519434,2.4130056,2.006992,2.1930234,1.560346,0.6255726,0.8635215,1.4810989,1.7744889,1.8803483,2.0266628,2.3496673,2.744386,2.8479066,2.4199593,1.5628431,1.3348211,0.43915042,0.6322644,0.813194,0.9664201,0.91105497,0.56922966,0.5626498,0.53593713,1.0288517,1.4154038,1.720056,2.0573525,2.4671767,2.661871,2.2746003,1.3312174,0.5435697,1.1025866,1.2838746,1.2461402,1.2474719,1.0417597,1.1457802,0.7352014,0.4382234,1.4117336,1.1251844,1.3653724,1.5651944,1.920378,2.2888484,2.2727656,1.703004,0.9221956,0.81291014,1.0648526,1.2196058,1.4326159,0.70914507,1.6809506,1.4816916,0.45147294,1.2042923,1.0917536,1.2666981,1.138911,0.88515276,0.581545,0.28551713,0.33460885,0.50535333,0.4182074,0.361231,1.3733201,1.9243693,0.8568095,0.0,D
0.6734217,0.67596793,0.6793164,0.6875637,0.67390835,0.71022564,0.67287946,0.7343232,0.7177342,0.71549714,0.6909127,0.7379316,0.78538835,0.76632345,1.1173135,1.1825275,1.8902031,1.4636216,1.4138128,1.418547,0.6933421,1.8235155,1.0143641,2.529998,2.2380517,3.5493872,2.431877,4.4537416,4.2861533,6.4257894,10.961673,15.820572,16.028843,12.546872,6.320806,9.16726,8.850225,13.720711,7.028679,9.095782,7.5733004,2.5780327,3.881497,2.8728986,7.7355833,8.570239,8.234248,7.5900598,10.830844,14.128866,18.958736,10.291824,16.069895,6.386219,7.8284507,10.510493,8.620156,8.852735,9.347649,11.306262,5.553688,3.8016608,8.909893,3.463865,3.847156,4.255068,4.3916483,7.4858594,3.2653737,5.439419,4.9973564,1.7958333,2.8538468,2.8125587,2.800157,2.6573699,4.1814995,6.6389165,5.1348066,3.5114536,9.571377,14.536109,9.716037,8.75733,7.1388454,8.320309,14.321841,11.640379,12.8888855,12.114839,5.663616,2.94967,4.235656,6.7170987,3.8427691,1.7800518,4.117561,3.9966516,3.113743,2.8956504,3.5709364,1.9632466,1.1527296,1.2755952,4.822037,3.549674,2.405985,3.6697109,7.0254097,10.845767,11.017419,5.73156,4.711323,4.9767585,6.657337,9.915256,5.105227,7.5399184,20.952227,19.564106,14.347072,9.05934,8.20375,7.876016,5.1077247,5.450457,3.127544,1.2725787,1.051027,1.9385301,2.357838,1.1086693,1.5205834,2.8438141,4.1394973,5.4375005,2.6063206,4.9371066,4.2769074,2.4726698,2.10033,0.97753024,0.8290952,1.0519785,1.1136112,0.22072488,0.29779366,0.7321531,0.5107112,1.1363462,0.17993003,2.3010352,2.2675312,1.5835085,1.8383677,1.2486994,1.745804,1.6819293,0.9565675,0.5579463,0.9352767,1.592308,1.4648675,0.7114055,1.1777114,0.9130052,0.8508432,0.5515368,0.42527118,1.4409097,1.9769542,0.9078435,0.29869565,1.1697959,1.7422202,1.0084538,1.4598913,0.72213566,0.09585051,0.3440797,0.7667557,1.407438,1.2169436,0.9078774,0.5151178,0.5773282,0.733314,1.0026095,1.1991618,0.9743576,0.14111805,0.24399275,0.43555957,0.3977291,0.11752624,0.10843742,0.7524234,0.155453,0.43947104,0.0,D
0.8174247,0.8140824,0.8280019,0.81478924,0.831383,0.82433397,0.859491,0.8542994,0.87324834,0.86310893,0.83526886,0.91725206,0.88017493,0.968227,1.0879792,1.509055,0.6515626,1.1840439,1.022453,0.8744466,1.9168578,1.3740381,1.1502929,2.6586895,1.7031963,1.2853225,1.1969999,4.053451,7.3669705,8.749635,18.735086,23.101625,22.418818,4.861711,1.4569818,7.81255,9.110467,8.492302,6.9161506,3.2119532,6.118452,2.025344,3.7656376,4.9393964,1.5709857,6.702613,3.1756346,16.625105,9.51833,8.940373,8.421159,7.080375,7.3546906,1.6658624,12.339681,10.204527,5.109269,7.851398,9.900602,14.3082485,6.836394,4.7846875,7.5095687,1.6045988,3.9816272,6.797024,3.9676914,1.9710035,5.156128,3.1318908,3.142964,1.9168962,2.0008156,1.7375652,3.474901,4.3821898,8.748929,1.0987003,1.5229386,6.462998,8.134715,12.04432,7.1769304,3.659473,8.706721,5.043509,4.356419,6.0477753,2.8586552,3.6145074,3.9629788,3.7741365,1.8876551,1.4205693,4.45954,4.330638,5.244589,4.6722155,1.976765,0.67688733,3.4897273,2.6712863,0.8275633,1.6258242,1.5083914,1.1218967,1.1988213,3.7561035,2.9990711,5.713909,5.794153,1.2632834,6.148915,12.132021,9.087265,11.375689,9.835593,6.063878,7.45319,18.353184,6.705139,6.4778504,3.291165,3.5638397,2.628448,5.150249,8.696652,6.163527,6.234424,3.103734,1.0788081,3.1714962,4.368874,2.790349,1.5679758,4.6903896,4.1724033,2.1923525,1.8353943,2.0820231,3.550835,2.541065,0.23928158,0.29709256,1.2080858,1.0437857,0.11242466,0.43497202,1.047314,1.9752979,2.7143416,0.90570426,1.3532364,1.0235413,1.0397848,0.27653253,0.43056425,1.5690035,1.9425367,1.017943,1.5188147,1.8189591,0.34761092,0.6019532,2.2522364,2.155859,2.4131362,1.0906738,1.3209571,1.2679508,0.48575494,0.4681551,0.7092388,0.8040499,1.7630552,0.7801449,1.4163356,0.8906295,0.41635442,0.86596423,1.0933824,0.9495802,1.1922473,0.7812547,0.7271924,1.1532072,1.3267548,1.4252298,0.4817637,0.45067242,0.119526125,0.19845544,0.25592852,0.110584386,0.14887005,0.42398426,0.7099951,1.7296072,0.47188422,0.0,D
0.25310194,0.26233083,0.25152713,0.25634372,0.28563622,0.2829132,0.28979662,0.2931637,0.2842008,0.36250776,0.35101706,0.38171038,0.44941452,0.47809708,0.69512105,0.7500332,0.8712565,1.0441004,0.4084126,0.71646446,0.72668856,0.71175,0.9319851,0.86032087,2.4872394,1.5473384,3.122087,2.1701243,5.0715766,6.914751,19.306545,24.942255,11.550385,11.075208,6.6978416,6.190469,5.4655747,7.9319553,10.704954,9.072938,4.4067335,3.8666828,2.8409073,8.2146,5.765231,6.484509,25.18815,8.655776,8.176093,11.881467,9.939501,7.2771654,5.630103,5.079938,3.1715357,3.760398,6.4425316,8.290664,7.872134,9.368427,7.18612,6.851983,6.326946,3.08949,5.090293,4.252195,4.5920663,4.3289137,2.6169448,3.1836908,1.9300036,0.70220894,3.286856,2.2064967,3.0527256,4.056597,4.2140408,4.14917,3.2825134,4.536399,3.5966754,10.269145,8.363649,4.558702,4.5409527,3.993508,2.855126,6.3091598,3.8572354,1.6124977,6.481138,4.1110263,3.9325447,5.538156,1.6823786,1.8425891,3.9282084,2.5310829,0.27080548,1.3276371,2.9044194,2.6058376,1.0940013,0.82064366,1.4183848,1.2540115,1.6434287,1.6347955,4.609598,9.380489,9.649084,5.070944,4.79615,5.9282465,6.6970477,5.8328314,5.318017,7.384859,8.714517,8.465673,6.6854362,4.408993,3.5148163,4.372913,4.95692,7.1283092,6.1238647,5.9311404,6.5914125,4.0690827,4.479636,4.4137907,4.214392,4.4478903,4.964327,5.133432,4.59651,3.405286,1.8578751,1.7781276,1.6906387,1.6540585,1.6603694,1.2663785,1.451386,0.64629084,0.77401376,1.2581462,1.6519808,1.9920694,2.2390153,2.2908025,2.0917249,1.7065336,1.4179958,1.3071921,0.9301422,0.7209997,1.0749358,1.0165582,1.0298299,1.6108874,2.0392702,2.2895603,2.3891628,2.3796372,2.2865005,2.0996454,1.7930267,1.365638,0.8465611,0.6236775,0.9400142,1.2662288,0.6387719,0.949443,0.95019776,0.6666238,0.6119049,0.8220061,0.8990903,1.2669243,0.74113154,0.6173955,0.65808946,0.7254372,0.7168201,1.1532626,0.95634013,0.37313572,0.15777464,0.12756081,0.600124,0.6321376,0.15621652,0.23194502,0.36976242,1.2848876,0.5655948,0.0,D
0.19495274,0.18667527,0.19285426,0.1977679,0.18779247,0.19352162,0.20534983,0.19888596,0.21095757,0.23645493,0.2089141,0.19554436,0.21099447,0.19672957,0.3107044,0.36991578,0.38567182,0.73262703,0.9225105,0.55150926,0.23555173,0.8299327,0.71775836,0.40740052,1.0742896,1.010555,0.28126127,1.7806594,2.5852866,1.7861493,0.5378672,2.9390986,4.323171,4.18268,3.8706892,5.2985454,7.2749577,8.353768,8.196874,7.1219244,5.632759,3.7756906,1.2288319,2.1221294,4.602406,4.985827,2.7882874,0.9564743,3.6797845,3.876729,1.6852728,2.4206893,4.1463957,3.4206817,1.8784703,3.8255384,5.837393,7.031572,8.069489,8.783735,8.5037775,6.9573693,4.2886276,1.1146661,1.4854757,2.4685888,1.798543,1.2906121,2.1884086,2.3785975,1.7646517,1.1357716,0.9917784,1.0162951,1.0292841,1.3100653,1.9603984,2.604635,2.9864628,2.942506,2.2778342,1.2031411,1.3347644,2.164461,2.183741,1.3526835,0.6044894,1.1332734,1.291216,0.85947055,0.38521418,0.44119832,0.37698498,0.3268616,0.5223497,0.55599433,0.3900357,0.1868277,0.29073197,0.58894765,0.73367286,0.59713864,0.427724,0.64768714,0.84524035,0.8741102,0.86144054,0.7896702,0.53241825,0.32041556,0.7741576,1.3522105,1.9609172,2.6331558,3.2892447,3.8019092,4.1169925,4.231779,4.05871,3.510461,2.7227855,2.1345296,1.987126,1.8845643,1.5397996,1.1431359,0.9411155,0.85154635,0.9340093,1.3575885,1.8740097,2.2930708,2.586037,2.7446675,2.7464297,2.5978105,2.3563273,2.0658057,1.760747,1.4693834,1.2179067,0.9925482,0.77098066,0.5570896,0.3740368,0.22488976,0.12352036,0.07416019,0.039825995,0.09401518,0.24213277,0.4009339,0.533993,0.6151784,0.6338193,0.58552593,0.48594326,0.370395,0.28443292,0.2486192,0.24598764,0.2680646,0.32942072,0.45294538,0.607686,0.7378402,0.8172274,0.8359,0.7970722,0.7048572,0.5742881,0.42193672,0.25942725,0.115755945,0.014775212,0.063906446,0.103304036,0.11677726,0.1104288,0.08696775,0.07200321,0.11817539,0.20491208,0.30082223,0.38854095,0.44949663,0.4742247,0.47533432,0.4537144,0.40885168,0.3522427,0.28950137,0.21852247,0.14325745,0.08033157,0.055692844,0.13112643,0.20988682,0.23212075,0.0,D
0.117220566,0.11660427,0.12225394,0.13084416,0.14957319,0.14961597,0.16075695,0.18646368,0.19007069,0.2146414,0.26101142,0.27083647,0.34019658,0.4171573,0.48796165,0.7913607,0.5538724,0.93846565,0.4297623,0.5431638,0.9750469,1.1839612,0.8473603,1.0874304,1.9050403,0.9770034,1.4855865,2.8721,6.0622296,10.239583,23.149626,17.939425,5.4365754,8.645472,3.2756846,5.982507,4.779455,9.5416565,5.787851,7.318334,4.4802628,2.3801732,3.8053198,2.6262832,8.173023,5.014199,13.465315,8.250166,4.2031846,8.511647,3.947204,5.49037,1.7376401,4.134421,3.0722783,5.936897,5.5412364,5.8149285,6.045922,8.78835,4.4743013,6.743435,8.532505,4.3014107,2.9134042,3.1736827,4.153797,6.6842356,1.7557389,3.449899,0.9850048,2.2530315,1.9759972,2.736099,1.9147995,4.1441674,4.608093,1.6211436,1.6135703,3.1964648,7.34216,7.6280713,5.3893595,3.3668792,3.583385,1.7832742,2.0826728,3.2072783,5.2788906,6.5116296,5.703003,4.3076797,3.2823818,2.494294,1.3607748,0.33766565,1.2524927,1.0526916,1.1369585,0.84175247,1.6747293,2.0862834,1.5691822,1.2830112,1.4393781,2.5774682,2.0429332,2.5345602,1.1250255,3.0141826,1.2323985,0.42647147,1.9648447,4.772521,4.129724,4.6603994,5.760049,3.0992532,8.410624,8.063805,4.3433156,1.2961103,3.6969473,3.5910633,3.3477094,4.3848023,2.2504852,1.8045733,0.8198998,1.3054606,3.0079231,2.9364274,2.3947415,0.6318357,3.2011347,3.5816274,2.567221,0.99179864,1.7829977,2.358732,2.0659502,1.6280742,1.1321348,0.9248983,0.80415803,0.48285285,0.5141332,1.3152851,1.2620927,0.705575,0.78568614,1.4581224,1.2097387,0.34892216,0.81740606,1.0660564,1.0918621,1.9755121,1.4675318,1.2761829,1.2309725,0.46874243,0.60391,0.8725939,0.9315715,0.54388696,0.5968978,0.86984473,0.6445798,0.40710008,0.79559463,0.704908,1.2031802,1.4665878,0.7161081,1.3059838,0.6954732,0.45437828,0.4752409,0.4442215,0.41222036,0.37475172,0.6754395,0.8262443,0.51222515,0.3230301,0.52944404,0.73880094,0.764983,0.57981086,0.1324453,0.22085176,0.05324348,0.16119024,0.19779077,0.12913868,0.5205956,0.956016,0.78440493,0.0,D
0.32323736,0.32223266,0.31797636,0.3244616,0.31791452,0.36942524,0.37917554,0.33769253,0.32609177,0.36113536,0.40036407,0.44187647,0.314956,0.35330716,0.3795466,0.4329227,0.9320826,1.6680058,0.78226227,0.7701259,0.68139863,1.0423615,1.6327466,1.463866,1.4048141,1.5208504,1.6865342,1.971177,2.3279657,3.8987424,5.6944094,9.209428,12.536585,11.04215,6.2549524,3.1313553,10.136549,12.612536,6.2145934,8.598736,6.8891125,3.6422522,3.3034387,3.5160553,5.470059,8.472243,3.2192123,3.4956307,11.795778,1.5677625,14.064792,11.803625,4.4766746,4.209119,10.501134,2.0758653,8.255931,8.31649,8.382394,6.60104,6.863217,2.6636438,4.263081,2.6750774,5.734034,2.0534708,4.3115325,9.742031,4.580456,2.234125,2.0521438,3.8382018,2.4673493,2.8031511,2.852039,2.243422,8.00257,2.0873315,2.1998885,3.1719437,5.2688513,3.2927594,10.369442,3.5226507,3.0699503,5.1696253,2.027883,3.102645,3.7609615,4.432524,3.501674,3.8005707,2.6170146,1.7613673,1.5833741,1.9390926,2.9000258,3.191863,2.9743874,2.8635433,0.8792236,1.4084067,0.97377104,3.6372352,4.0370636,5.039278,2.0198116,1.9766071,5.0429726,6.162137,6.351449,8.251415,6.0010653,6.4488516,6.680843,7.6916895,7.1929235,18.94645,17.20857,4.1596355,1.1108079,4.55176,4.849232,1.7304747,5.328698,7.084323,1.6932975,3.577311,4.933169,0.77497935,5.8198066,8.1052265,5.0721526,6.140567,8.707718,10.662367,7.696366,3.176123,3.3075445,3.7334282,4.852869,3.3121758,1.8779249,3.054728,0.49937752,1.7336439,0.47873545,0.86891484,2.3763468,2.820468,2.0329425,2.1829145,4.8642054,5.6784716,1.7675422,3.171942,2.5103972,1.4117681,1.7617341,1.6536168,1.9482318,1.6747189,0.19047913,1.975239,2.1317565,4.0729585,3.2659495,4.3317637,2.4786947,2.1230743,1.9341607,0.6715989,0.5581497,1.769914,0.8710842,1.5707172,0.4848781,1.0176116,1.0155249,1.3500425,0.5344769,0.5192941,2.4670405,2.6163206,1.2874081,1.9077183,1.9137659,2.809507,1.8223126,0.1872281,0.5028873,0.7844113,0.31873855,0.3919232,0.35748237,0.2331463,0.81600016,0.40447387,0.3529287,0.0,D
0.47810894,0.4767403,0.48805493,0.49890783,0.49220657,0.49889296,0.5074931,0.50049525,0.5358705,0.6189902,0.5317132,0.50413287,0.56958,0.5444477,0.54056865,0.82817936,1.7602537,0.9199669,0.81828034,1.068585,1.1752014,1.1774821,1.0753845,0.9960596,1.806658,2.7026796,2.4854212,3.5341296,4.2423563,7.9288635,19.76852,21.321321,21.314484,9.112849,4.601193,2.2489002,5.8877087,3.0302474,3.5088642,7.909105,7.139965,6.558774,2.2226844,1.8685794,2.957684,4.6622896,13.515155,11.400412,10.803284,7.6346455,2.6760612,7.796337,6.64545,9.221144,4.247875,5.54708,3.9817371,2.4481819,4.7195415,3.064431,6.1206436,3.9655697,4.200571,7.6137805,5.314126,1.2811612,2.2678013,2.4127643,2.0611973,1.9409251,1.7208518,1.1377234,0.7199414,0.54436475,1.1683328,1.8983055,1.804638,1.7075677,2.255821,7.1692395,9.253302,5.988301,5.7758417,4.9338784,2.5362084,2.4889064,0.83312935,2.816738,3.08454,1.2535102,2.2528796,1.3088303,0.9046708,0.90611047,1.1740357,1.4767733,2.3303025,2.0637531,0.9193804,1.2538117,2.2792985,1.8757781,0.8869098,0.675622,0.57926303,0.773054,1.0129279,1.0198579,0.8868245,2.248538,2.038285,4.078267,7.450858,6.864781,6.530066,6.1241074,4.08724,3.4970112,5.2737813,4.138146,2.2747605,1.881257,2.2029936,2.6451802,0.9758247,3.6901407,7.0111737,9.4362755,10.243256,7.8691335,2.9849806,1.7942894,3.2746308,2.0315926,1.9206952,2.6659384,1.9185216,1.2224513,1.2550492,0.84327644,1.2977679,2.0762897,1.8620517,1.7926587,2.0416496,1.5246178,0.7053353,0.49590805,0.7129506,0.83550537,0.6756129,0.49954236,0.24101238,0.19465578,0.20883034,0.8374512,1.4816327,1.4962366,0.7847872,0.6293733,1.270004,1.1658752,0.525509,0.5324123,0.4902013,0.5006568,0.824287,0.5068847,0.762604,0.7151506,0.53735167,0.46903676,0.36299753,0.39548245,0.74374926,1.16463,1.4147929,1.223668,0.68012697,0.42138717,0.45397443,0.5272313,0.7074539,0.7914641,0.7611803,0.49338272,0.5704406,0.57216555,0.61678725,0.40028772,0.1956147,0.29109088,0.38813904,0.38595003,0.29435655,0.27897716,0.49718478,0.71254545,0.64495915,0.0,D
0.34637117,0.35642874,0.35179564,0.36154974,0.3711669,0.37814647,0.38616458,0.42790297,0.40071014,0.44476315,0.42738903,0.47556308,0.5159669,0.5248084,0.8429998,1.0679282,1.0463977,0.8421617,1.0471054,0.70552677,1.3881515,1.0430334,1.8372289,1.5418673,1.9664042,4.056449,3.7768397,4.911555,10.44124,9.396317,26.631922,21.86588,9.832589,10.6311035,3.5920959,3.56268,7.3128734,11.920344,7.366547,7.2701426,5.1785684,5.7569394,2.8860903,7.5319,4.7430906,6.731909,14.413757,7.3596573,8.272099,6.238638,7.357054,5.972571,7.375477,4.437431,3.729202,6.299423,8.023698,11.147834,13.583594,8.866614,4.9727125,6.8717847,8.071367,3.86513,3.5975718,3.6778176,2.6735709,3.3409162,2.8214235,3.0256214,2.9103985,2.8993545,2.0750086,3.1382332,2.0785217,2.2196774,3.5657027,3.760494,1.4491007,2.4973996,6.434449,4.0160265,4.2940907,2.9130998,3.3031235,2.609303,1.8870403,2.869721,2.4261618,2.5831954,6.0051694,4.5462112,1.1055384,1.0226902,0.8256628,3.320097,2.823742,0.74735266,0.67837745,1.0469258,1.8917599,1.4189886,0.8517753,1.5256405,2.580454,1.7490767,0.88713604,0.9297165,0.7086382,1.1824591,3.8129945,5.6557126,5.291854,6.2826204,6.563017,2.5035071,3.7624097,4.4602523,3.8764353,3.586872,3.1721437,2.5951867,3.474494,3.596439,2.5476735,1.7557446,1.9259325,2.3933523,2.7504137,2.3190067,2.4077432,2.1782143,1.5679988,1.8270372,1.773386,1.5558442,1.3152546,0.99758726,1.3868245,2.1693807,1.9277469,1.1875361,0.74587953,0.6159907,0.4587129,0.95245457,0.9498939,1.009943,0.77469796,1.0599331,0.7805497,0.5687059,0.41572237,0.86332035,0.8738687,0.24250153,1.0186492,0.83748,0.60447735,0.714767,0.1492778,0.35384256,0.65527123,0.4806728,0.48245585,0.38234952,0.313328,0.76983744,0.8314177,0.33997577,0.42602625,0.30644658,0.6217771,0.27484804,0.18445665,0.9165327,0.674154,0.20273288,0.209119,0.2878448,0.7183685,0.8874631,0.2123694,0.6529571,0.26435077,0.80470467,0.5659975,0.7492418,0.6839555,0.16596285,0.14402393,0.12186092,0.23211041,0.18756191,0.14232625,0.09745481,0.5755618,0.30964613,0.28835836,0.0,D
